Filename,Graph structure,Desired OS,Times distribution,Trickiness category,Trickiness measure,Order strength,AIP,Max task degree,Degree of divergence,Degree of convergence,Share of chain tasks,Avg chain length,Share of bottleneck tasks,"Avg degree of bottlenecks","Avg No of tasks per stage","Share of tasks without predecessors","cycle time",Tsum,Tmin,Tmax,"(Standard deviation of task times)"
instance_n=20_1,BN,0.2,peak at the bottom,less tricky,0.298,0.268,0.8,5,0.952,0.87,0.7,2.33,0.05,5,4,0.25,1000,2.882,0.034,0.282,0.067
instance_n=20_2,BN,0.2,peak at the bottom,less tricky,0.34,0.3,0.95,8,0.87,0.741,0.3,2,0.05,8,4,0.2,1000,2.861,0.02,0.41,0.087
instance_n=20_3,BN,0.2,peak at the bottom,less tricky,0.003,0.3,0.9,8,0.87,0.714,0.1,2,0.05,8,4,0.25,1000,2.785,0.022,0.287,0.068
instance_n=20_4,BN,0.2,peak at the bottom,less tricky,0.001,0.289,0.9,8,0.87,0.714,0.1,2,0.05,8,4,0.25,1000,2.727,0.053,0.248,0.055
instance_n=20_5,BN,0.2,peak at the bottom,less tricky,0.233,0.289,0.9,8,0.87,0.741,0.1,2,0.05,8,4,0.25,1000,2.837,0.027,0.303,0.085
instance_n=20_6,BN,0.2,peak at the bottom,less tricky,0.485,0.295,0.95,9,0.833,0.741,0.3,2,0.05,9,4,0.25,1000,2.914,0.034,0.311,0.09
instance_n=20_7,BN,0.2,peak at the bottom,less tricky,0.06,0.3,0.9,8,0.87,0.8,0.55,2.75,0.05,8,4,0.25,1000,2.786,0.028,0.281,0.072
instance_n=20_8,BN,0.2,peak at the bottom,very tricky,0.988,0.289,1,8,0.87,0.667,0.2,2,0.05,8,4,0.15,1000,2.985,0.037,0.355,0.09
instance_n=20_9,BN,0.2,peak at the bottom,tricky,0.708,0.289,0.9,9,0.87,0.714,0.1,2,0.05,9,4,0.25,1000,2.925,0.051,0.339,0.075
instance_n=20_10,BN,0.2,peak at the bottom,less tricky,0.006,0.279,0.85,9,0.87,0.714,0.1,2,0.05,9,4,0.3,1000,2.831,0.026,0.383,0.094
instance_n=20_11,BN,0.2,peak at the bottom,less tricky,0.008,0.279,0.9,8,0.87,0.741,0.2,2,0.05,8,4,0.25,1000,2.766,0.044,0.319,0.074
instance_n=20_12,BN,0.2,peak at the bottom,tricky,0.697,0.3,0.85,8,0.87,0.769,0.2,2,0.05,8,4,0.3,1000,2.93,0.033,0.367,0.094
instance_n=20_13,BN,0.2,peak at the bottom,less tricky,0.234,0.268,0.85,9,0.87,0.741,0.25,2.5,0.05,9,4,0.3,1000,2.896,0.023,0.373,0.085
instance_n=20_14,BN,0.2,peak at the bottom,very tricky,0.985,0.263,0.85,8,0.87,0.8,0.45,3,0.05,8,4,0.3,1000,2.979,0.039,0.322,0.071
instance_n=20_15,BN,0.2,peak at the bottom,very tricky,0.992,0.295,0.9,8,0.87,0.714,0.25,2.5,0.05,8,4,0.25,1000,2.981,0.034,0.265,0.061
instance_n=20_16,BN,0.2,peak in the middle,very tricky,0.989,0.232,0.85,4,0.952,0.87,0.75,3,0.05,4,4,0.2,1000,10.376,0.342,0.813,0.12
instance_n=20_17,BN,0.2,peak in the middle,extremely tricky,0.998,0.295,0.85,9,0.87,0.741,0.1,2,0.05,9,4,0.3,1000,9.134,0.271,0.698,0.114
instance_n=20_18,BN,0.2,peak in the middle,very tricky,0.986,0.3,1,8,0.87,0.69,0.1,2,0.05,8,4,0.15,1000,9.524,0.193,0.653,0.118
instance_n=20_19,BN,0.2,peak in the middle,very tricky,0.983,0.268,0.9,8,0.87,0.769,0.4,2.67,0.05,8,4,0.25,1000,11.113,0.359,0.718,0.106
instance_n=20_20,BN,0.2,peak in the middle,very tricky,0.981,0.295,0.85,8,0.87,0.8,0.35,2.33,0.05,8,4,0.3,1000,9.829,0.392,0.634,0.071
instance_n=20_21,BN,0.2,peak in the middle,very tricky,0.987,0.289,0.85,9,0.87,0.8,0.45,3,0.05,9,4,0.3,1000,11.256,0.218,0.795,0.163
instance_n=20_22,BN,0.2,peak in the middle,very tricky,0.972,0.284,0.95,8,0.87,0.741,0.3,2,0.05,8,4,0.2,1000,10.171,0.179,0.791,0.152
instance_n=20_23,BN,0.2,peak in the middle,less tricky,0.49,0.295,0.85,8,0.87,0.741,0.1,2,0.05,8,4,0.3,1000,10.374,0.35,0.758,0.09
instance_n=20_24,BN,0.2,peak in the middle,very tricky,0.985,0.274,0.85,8,0.87,0.714,0.1,2,0.05,8,4,0.3,1000,9.982,0.185,0.831,0.159
instance_n=20_25,BN,0.2,peak in the middle,tricky,0.912,0.284,0.9,8,0.87,0.714,0.2,2,0.05,8,4,0.25,1000,9.67,0.253,0.662,0.09
instance_n=20_26,BN,0.2,peak in the middle,tricky,0.877,0.258,0.85,8,0.87,0.741,0.1,2,0.05,8,4,0.3,1000,10.11,0.315,0.809,0.116
instance_n=20_27,BN,0.2,peak in the middle,tricky,0.944,0.253,0.85,8,0.87,0.8,0.35,2.33,0.05,8,4,0.3,1000,10.521,0.247,0.787,0.118
instance_n=20_28,BN,0.2,peak in the middle,very tricky,0.993,0.3,0.95,8,0.87,0.69,-,-,0.05,8,4,0.2,1000,10.138,0.214,0.796,0.124
instance_n=20_29,BN,0.2,peak in the middle,tricky,0.812,0.268,0.85,8,0.87,0.714,0.2,2,0.05,8,4,0.3,1000,9.079,0.12,0.749,0.136
instance_n=20_30,BN,0.2,peak in the middle,tricky,0.597,0.3,0.9,8,0.87,0.741,0.15,3,0.05,8,4,0.25,1000,11.578,0.418,0.74,0.106
instance_n=20_31,BN,0.2,peak in the middle,very tricky,0.994,0.289,0.85,8,0.87,0.769,0.3,3,0.05,8,4,0.3,1000,10.27,0.39,0.662,0.072
instance_n=20_32,BN,0.2,peak in the middle,less tricky,0.328,0.284,0.95,8,0.87,0.741,0.4,2.67,0.05,8,4,0.2,1000,10.489,0.293,0.81,0.135
instance_n=20_33,BN,0.2,peak in the middle,very tricky,0.995,0.295,0.85,8,0.87,0.769,0.2,2,0.05,8,4,0.3,1000,9.944,0.331,0.718,0.112
instance_n=20_34,BN,0.2,peak in the middle,tricky,0.671,0.284,0.85,8,0.87,0.741,0.2,2,0.05,8,4,0.3,1000,10.203,0.307,0.834,0.136
instance_n=20_35,BN,0.2,peak in the middle,very tricky,0.983,0.3,0.95,9,0.87,0.667,0.1,2,0.05,9,4,0.2,1000,9.906,0.247,0.722,0.111
instance_n=20_36,BN,0.2,peak in the middle,tricky,0.662,0.3,1,8,0.87,0.69,0.1,2,0.05,8,4,0.15,1000,10.314,0.264,0.693,0.109
instance_n=20_37,BN,0.2,peak in the middle,very tricky,0.994,0.3,0.85,8,0.87,0.714,0.1,2,0.05,8,4,0.3,1000,10.328,0.2,0.765,0.129
instance_n=20_38,BN,0.2,peak in the middle,very tricky,0.974,0.295,0.85,8,0.87,0.769,0.25,2.5,0.05,8,4,0.3,1000,10.083,0.273,0.794,0.127
instance_n=20_39,BN,0.2,peak in the middle,extremely tricky,0.996,0.295,0.9,9,0.87,0.741,0.45,2.25,0.05,9,4,0.25,1000,10.662,0.226,0.743,0.122
instance_n=20_40,BN,0.2,peak in the middle,less tricky,0.233,0.3,0.85,8,0.87,0.8,0.3,3,0.05,8,4,0.3,1000,10.193,0.374,0.797,0.115
instance_n=20_41,BN,0.2,bimodal,less tricky,0.037,0.211,0.75,4,0.909,0.952,0.65,2.6,0.05,4,4,0.35,1000,5.156,0.07,0.581,0.152
instance_n=20_42,BN,0.2,bimodal,less tricky,0.156,0.211,0.85,4,0.952,0.87,0.75,3,0.05,4,4,0.2,1000,4.391,0.03,0.505,0.162
instance_n=20_43,BN,0.2,bimodal,less tricky,0.355,0.216,0.8,4,0.952,0.952,0.9,3,0.05,4,4,0.25,1000,4.688,0.031,0.477,0.135
instance_n=20_44,BN,0.2,bimodal,less tricky,0.079,0.221,0.8,4,0.952,0.87,0.6,3,0.05,4,4,0.25,1000,4.561,0.025,0.5,0.131
instance_n=20_45,BN,0.2,bimodal,less tricky,0.001,0.289,0.85,8,0.87,0.769,0.15,3,0.05,8,4,0.3,1000,5.32,0.071,0.524,0.159
instance_n=20_46,BN,0.2,bimodal,less tricky,0.022,0.3,0.95,8,0.87,0.69,0.1,2,0.05,8,4,0.2,1000,3.54,0.02,0.465,0.124
instance_n=20_47,BN,0.2,bimodal,less tricky,0.17,0.284,0.95,8,0.87,0.714,0.3,2,0.05,8,4,0.2,1000,3.69,0.022,0.564,0.158
instance_n=20_48,BN,0.2,bimodal,very tricky,0.968,0.3,0.95,9,0.87,0.714,0.25,2.5,0.05,9,4,0.2,1000,4.851,0.031,0.568,0.151
instance_n=20_49,BN,0.2,bimodal,tricky,0.805,0.274,0.9,8,0.87,0.769,0.3,3,0.05,8,4,0.25,1000,3.888,0.034,0.561,0.136
instance_n=20_50,BN,0.2,bimodal,less tricky,0.078,0.289,0.9,8,0.87,0.714,0.2,2,0.05,8,4,0.25,1000,3.576,0.029,0.511,0.124
instance_n=20_51,BN,0.2,bimodal,less tricky,0.309,0.295,0.9,8,0.87,0.741,0.3,3,0.05,8,4,0.25,1000,3.701,0.021,0.501,0.142
instance_n=20_52,BN,0.2,bimodal,tricky,0.837,0.268,0.8,8,0.87,0.87,0.65,2.6,0.05,8,4,0.35,1000,3.901,0.04,0.465,0.103
instance_n=20_53,BN,0.2,bimodal,less tricky,0.304,0.3,0.8,8,0.87,0.833,0.55,2.2,0.05,8,4,0.35,1000,4.501,0.021,0.474,0.144
instance_n=20_54,BN,0.2,bimodal,less tricky,0.418,0.289,0.85,8,0.87,0.741,0.25,2.5,0.05,8,4,0.3,1000,4.192,0.026,0.554,0.181
instance_n=20_55,BN,0.2,bimodal,less tricky,0.036,0.274,0.9,9,0.87,0.714,0.3,2,0.05,9,4,0.25,1000,4.492,0.03,0.53,0.15
instance_n=20_56,BN,0.2,bimodal,tricky,0.813,0.263,0.9,8,0.87,0.741,0.3,2,0.05,8,4,0.25,1000,3.865,0.045,0.436,0.115
instance_n=20_57,BN,0.2,bimodal,less tricky,0.281,0.226,0.85,8,0.87,0.741,-,-,0.05,8,4,0.3,1000,3.714,0.021,0.507,0.14
instance_n=20_58,BN,0.2,bimodal,less tricky,0.348,0.284,0.85,9,0.87,0.714,-,-,0.05,9,4,0.3,1000,4.296,0.026,0.569,0.156
instance_n=20_59,BN,0.2,bimodal,extremely tricky,0.9999,0.3,0.85,8,0.87,0.741,0.3,2,0.05,8,4,0.3,1000,3.985,0.051,0.485,0.109
instance_n=20_60,BN,0.2,bimodal,less tricky,0.002,0.284,0.85,8,0.87,0.714,0.1,2,0.05,8,4,0.3,1000,5.144,0.059,0.572,0.135
instance_n=20_61,BN,0.2,bimodal,less tricky,0.243,0.284,0.9,8,0.87,0.741,0.25,2.5,0.05,8,4,0.25,1000,6.202,0.066,0.606,0.152
instance_n=20_62,BN,0.2,bimodal,less tricky,0,0.221,0.8,8,0.87,0.833,0.4,2.67,0.05,8,4,0.35,1000,4.276,0.048,0.486,0.133
instance_n=20_63,BN,0.2,bimodal,less tricky,0.482,0.279,0.75,8,0.87,0.833,0.4,2.67,0.05,8,4,0.4,1000,4.65,0.065,0.506,0.155
instance_n=20_64,BN,0.2,bimodal,tricky,0.927,0.279,0.85,8,0.87,0.769,0.35,2.33,0.05,8,4,0.3,1000,4.877,0.026,0.501,0.157
instance_n=20_65,BN,0.2,bimodal,less tricky,0.126,0.284,0.85,8,0.87,0.8,0.35,3.5,0.05,8,4,0.3,1000,4.564,0.023,0.647,0.137
instance_n=20_66,BN,0.6,peak at the bottom,less tricky,0.034,0.526,0.95,7,0.87,0.8,0.65,2.6,0.05,7,3.33,0.2,1000,2.743,0.03,0.242,0.069
instance_n=20_67,BN,0.6,peak at the bottom,tricky,0.726,0.505,1,6,0.87,0.8,0.45,3,0.05,6,3.33,0.15,1000,2.942,0.026,0.308,0.088
instance_n=20_68,BN,0.6,peak at the bottom,tricky,0.512,0.526,1.25,7,0.69,0.76,0.45,2.25,0.05,7,3.33,0.2,1000,2.906,0.06,0.219,0.047
instance_n=20_69,BN,0.6,peak at the bottom,tricky,0.755,0.547,1.15,6,0.769,0.714,0.45,2.25,0.05,6,3.33,0.15,1000,1.972,0.021,0.25,0.048
instance_n=20_70,BN,0.6,peak at the bottom,extremely tricky,0.996,0.505,1.25,6,0.741,0.645,0.2,2,0.05,6,3.33,0.1,1000,2.985,0.035,0.323,0.083
instance_n=20_71,BN,0.6,peak at the bottom,tricky,0.795,0.532,1.2,6,0.741,0.667,0.3,2,0.05,6,3.33,0.15,1000,2.957,0.047,0.305,0.08
instance_n=20_72,BN,0.6,peak at the bottom,less tricky,0.28,0.516,1.3,8,0.667,0.625,-,-,0.05,8,3.33,0.2,1000,2.827,0.035,0.276,0.061
instance_n=20_73,BN,0.6,peak at the bottom,less tricky,0.487,0.505,1.25,9,0.714,0.667,0.1,2,0.05,9,3.33,0.15,1000,1.933,0.027,0.262,0.059
instance_n=20_74,BN,0.6,peak at the bottom,less tricky,0.001,0.5,1.2,9,0.769,0.667,0.2,2,0.05,9,3.33,0.1,1000,2.792,0.022,0.275,0.075
instance_n=20_75,BN,0.6,peak at the bottom,less tricky,0.467,0.5,1.2,8,0.741,0.625,-,-,0.05,8,3.33,0.15,1000,2.886,0.022,0.283,0.077
instance_n=20_76,BN,0.6,peak at the bottom,tricky,0.788,0.542,1.25,8,0.714,0.645,0.1,2,0.05,8,3.33,0.15,1000,2.903,0.027,0.292,0.093
instance_n=20_77,BN,0.6,peak at the bottom,tricky,0.772,0.516,1,9,0.8,0.769,0.1,2,0.05,9,3.33,0.25,1000,2.939,0.027,0.234,0.05
instance_n=20_78,BN,0.6,peak at the bottom,less tricky,0.001,0.532,1.25,8,0.69,0.645,0.1,2,0.05,8,3.33,0.2,1000,2.81,0.051,0.347,0.078
instance_n=20_79,BN,0.6,peak at the bottom,less tricky,0.314,0.584,1.4,10,0.625,0.606,-,-,0.05,10,3.33,0.2,1000,2.945,0.029,0.421,0.09
instance_n=20_80,BN,0.6,peak at the bottom,tricky,0.639,0.521,1.1,11,0.769,0.69,0.2,2,0.05,11,3.33,0.2,1000,2.914,0.03,0.269,0.077
instance_n=20_81,BN,0.6,peak at the bottom,tricky,0.767,0.5,1.1,9,0.833,0.667,0.15,3,0.05,9,3.33,0.1,1000,2.937,0.024,0.318,0.079
instance_n=20_82,BN,0.6,peak at the bottom,less tricky,0.015,0.5,1.5,9,0.606,0.571,-,-,0.05,9,3.33,0.15,1000,3.505,0.048,0.374,0.09
instance_n=20_83,BN,0.6,peak at the bottom,less tricky,0.351,0.516,1,9,0.87,0.741,0.35,2.33,0.05,9,3.33,0.15,1000,2.847,0.032,0.301,0.081
instance_n=20_84,BN,0.6,peak at the bottom,tricky,0.68,0.511,1.25,9,0.69,0.645,-,-,0.05,9,3.33,0.2,1000,2.932,0.04,0.225,0.048
instance_n=20_85,BN,0.6,peak at the bottom,less tricky,0.111,0.521,1.15,10,0.8,0.667,0.2,2,0.05,10,3.33,0.1,1000,2.817,0.031,0.256,0.06
instance_n=20_86,BN,0.6,peak at the bottom,less tricky,0.176,0.511,1,9,0.87,0.741,0.4,2,0.05,9,3.33,0.15,1000,2.912,0.03,0.285,0.068
instance_n=20_87,BN,0.6,peak at the bottom,less tricky,0.007,0.511,1.1,8,0.769,0.69,0.1,2,0.05,8,3.33,0.2,1000,2.824,0.041,0.319,0.077
instance_n=20_88,BN,0.6,peak at the bottom,less tricky,0,0.5,1.4,8,0.645,0.625,-,-,0.05,8,3.33,0.15,1000,2.727,0.056,0.319,0.067
instance_n=20_89,BN,0.6,peak at the bottom,less tricky,0.196,0.5,1.4,10,0.667,0.588,-,-,0.05,10,3.33,0.1,1000,2.877,0.072,0.307,0.069
instance_n=20_90,BN,0.6,peak at the bottom,less tricky,0.086,0.511,1.15,9,0.769,0.667,-,-,0.05,9,3.33,0.15,1000,2.807,0.043,0.282,0.071
instance_n=20_91,BN,0.6,peak in the middle,tricky,0.931,0.516,1.45,9,0.588,0.625,-,-,0.05,9,3.33,0.25,1000,9.478,0.232,0.724,0.124
instance_n=20_92,BN,0.6,peak in the middle,tricky,0.915,0.5,1.25,9,0.741,0.645,-,-,0.05,9,3.33,0.1,1000,9.786,0.305,0.649,0.099
instance_n=20_93,BN,0.6,peak in the middle,very tricky,0.993,0.505,1.2,9,0.69,0.667,0.2,2,0.05,9,3.33,0.25,1000,10.465,0.334,0.695,0.096
instance_n=20_94,BN,0.6,peak in the middle,extremely tricky,0.998,0.505,1.4,8,0.645,0.645,-,-,0.05,8,3.33,0.15,1000,9.224,0.143,0.618,0.124
instance_n=20_95,BN,0.6,peak in the middle,tricky,0.643,0.521,1.2,10,0.741,0.645,0.1,2,0.05,10,3.33,0.15,1000,9.527,0.191,0.802,0.132
instance_n=20_96,BN,0.6,peak in the middle,extremely tricky,0.9999,0.505,1.5,9,0.625,0.571,-,-,0.05,9,3.33,0.1,1000,9.537,0.146,0.706,0.125
instance_n=20_97,BN,0.6,peak in the middle,open (not known yet),0.9999,0.521,1.05,9,0.833,0.69,0.2,2,0.05,9,3.33,0.15,1000,10.46,0.281,0.732,0.128
instance_n=20_98,BN,0.6,peak in the middle,very tricky,0.989,0.505,1.25,10,0.714,0.645,-,-,0.05,10,3.33,0.15,1000,10.293,0.136,0.681,0.119
instance_n=20_99,BN,0.6,peak in the middle,tricky,0.736,0.505,1.35,11,0.69,0.606,-,-,0.05,11,3.33,0.1,1000,10.219,0.285,0.73,0.102
instance_n=20_100,BN,0.6,peak in the middle,tricky,0.695,0.526,1.25,9,0.69,0.645,-,-,0.1,7,3.33,0.2,1000,9.448,0.346,0.729,0.099
instance_n=20_101,BN,0.6,peak in the middle,less tricky,0.027,0.526,1,10,0.833,0.741,0.4,2,0.05,10,3.33,0.2,1000,9.979,0.298,0.674,0.107
instance_n=20_102,BN,0.6,peak in the middle,open (not known yet),0.9999,0.605,1.15,9,0.769,0.667,0.1,2,0.1,7.5,3.33,0.15,1000,10.067,0.29,0.699,0.12
instance_n=20_103,BN,0.6,peak in the middle,tricky,0.847,0.505,1.2,9,0.741,0.667,0.1,2,0.05,9,3.33,0.15,1000,9.823,0.342,0.68,0.098
instance_n=20_104,BN,0.6,peak in the middle,very tricky,0.959,0.5,1.1,8,0.8,0.69,-,-,0.05,8,3.33,0.15,1000,9.561,0.292,0.683,0.113
instance_n=20_105,BN,0.6,peak in the middle,extremely tricky,0.997,0.505,1.3,8,0.667,0.625,-,-,0.05,8,3.33,0.2,1000,10.532,0.338,0.764,0.128
instance_n=20_106,BN,0.6,peak in the middle,very tricky,0.987,0.505,1,10,0.87,0.714,0.3,2,0.05,10,3.33,0.15,1000,9.33,0.224,0.688,0.115
instance_n=20_107,BN,0.6,peak in the middle,tricky,0.562,0.521,1.45,10,0.625,0.588,-,-,0.05,10,3.33,0.15,1000,10.77,0.356,0.777,0.119
instance_n=20_108,BN,0.6,peak in the middle,less tricky,0.292,0.5,1.1,9,0.8,0.645,0.1,2,0.05,9,3.33,0.15,1000,10.672,0.368,0.684,0.086
instance_n=20_109,BN,0.6,peak in the middle,extremely tricky,1,0.5,1.35,10,0.667,0.606,-,-,0.05,10,3.33,0.15,1000,10.183,0.289,0.716,0.108
instance_n=20_110,BN,0.6,peak in the middle,extremely tricky,0.999,0.516,1.2,10,0.714,0.625,-,-,0.05,10,3.33,0.2,1000,9.743,0.114,0.718,0.142
instance_n=20_111,BN,0.6,peak in the middle,extremely tricky,1,0.521,1.2,10,0.769,0.645,0.2,2,0.05,10,3.33,0.1,1000,10.295,0.284,0.679,0.108
instance_n=20_112,BN,0.6,peak in the middle,very tricky,0.977,0.5,1.2,9,0.69,0.625,-,-,0.05,9,3.33,0.25,1000,9.815,0.236,0.695,0.117
instance_n=20_113,BN,0.6,peak in the middle,tricky,0.802,0.516,1.1,10,0.833,0.645,-,-,0.05,10,3.33,0.1,1000,9.741,0.242,0.634,0.097
instance_n=20_114,BN,0.6,peak in the middle,tricky,0.921,0.505,1.35,8,0.667,0.588,-,-,0.05,8,3.33,0.15,1000,10.203,0.27,0.644,0.101
instance_n=20_115,BN,0.6,peak in the middle,extremely tricky,0.996,0.5,1.25,10,0.69,0.667,-,-,0.05,10,3.33,0.2,1000,9.661,0.144,0.716,0.142
instance_n=20_116,BN,0.6,bimodal,less tricky,0.157,0.505,1.2,8,0.769,0.625,-,-,0.05,8,3.33,0.1,1000,4.592,0.053,0.566,0.156
instance_n=20_117,BN,0.6,bimodal,tricky,0.761,0.511,1.25,9,0.69,0.645,-,-,0.05,9,3.33,0.2,1000,4.641,0.029,0.514,0.142
instance_n=20_118,BN,0.6,bimodal,less tricky,0.314,0.5,1.4,9,0.645,0.625,-,-,0.05,9,3.33,0.15,1000,4.546,0.03,0.549,0.18
instance_n=20_119,BN,0.6,bimodal,very tricky,0.988,0.526,1.1,10,0.8,0.714,0.4,2,0.05,10,3.33,0.15,1000,5.779,0.021,0.568,0.188
instance_n=20_120,BN,0.6,bimodal,tricky,0.547,0.5,1.35,10,0.645,0.606,-,-,0.05,10,3.33,0.2,1000,5.485,0.046,0.561,0.16
instance_n=20_121,BN,0.6,bimodal,very tricky,0.993,0.521,1.1,8,0.769,0.69,0.1,2,0.05,8,3.33,0.2,1000,4.888,0.03,0.635,0.169
instance_n=20_122,BN,0.6,bimodal,less tricky,0.19,0.5,1.4,9,0.679,0.571,-,-,0.05,9,3.33,0.05,1000,5.277,0.048,0.571,0.161
instance_n=20_123,BN,0.6,bimodal,less tricky,0.258,0.5,1.3,8,0.69,0.606,-,-,0.05,8,3.33,0.15,1000,4.514,0.036,0.599,0.18
instance_n=20_124,BN,0.6,bimodal,less tricky,0.022,0.516,1.2,8,0.769,0.667,-,-,0.05,8,3.33,0.1,1000,4.226,0.027,0.519,0.133
instance_n=20_125,BN,0.6,bimodal,less tricky,0,0.5,1.4,8,0.645,0.606,0.1,2,0.05,8,3.33,0.15,1000,4.231,0.024,0.461,0.127
instance_n=20_126,BN,0.6,bimodal,less tricky,0.015,0.532,1.15,8,0.769,0.667,0.1,2,0.05,8,3.33,0.15,1000,4.411,0.054,0.543,0.169
instance_n=20_127,BN,0.6,bimodal,less tricky,0.262,0.5,1.2,8,0.741,0.667,-,-,0.05,8,3.33,0.15,1000,3.634,0.026,0.515,0.13
instance_n=20_128,BN,0.6,bimodal,less tricky,0.239,0.532,1.25,10,0.76,0.625,0.1,2,0.05,10,3.33,0.05,1000,4.615,0.023,0.554,0.149
instance_n=20_129,BN,0.6,bimodal,tricky,0.777,0.511,1.05,9,0.833,0.714,0.4,2,0.05,9,3.33,0.15,1000,4.639,0.026,0.527,0.171
instance_n=20_130,BN,0.6,bimodal,less tricky,0.441,0.5,1.1,10,0.769,0.69,0.1,2,0.05,10,3.33,0.2,1000,5.381,0.036,0.566,0.158
instance_n=20_131,BN,0.6,bimodal,tricky,0.887,0.5,1.1,8,0.8,0.714,0.3,2,0.05,8,3.33,0.15,1000,6.542,0.033,0.606,0.179
instance_n=20_132,BN,0.6,bimodal,less tricky,0.238,0.5,1.15,8,0.769,0.69,0.2,2,0.05,8,3.33,0.15,1000,3.614,0.051,0.473,0.123
instance_n=20_133,BN,0.6,bimodal,less tricky,0.006,0.516,1.1,9,0.833,0.69,0.4,2,0.05,9,3.33,0.1,1000,4.58,0.037,0.621,0.155
instance_n=20_134,BN,0.6,bimodal,less tricky,0.03,0.526,1.1,10,0.769,0.714,0.2,2,0.05,10,3.33,0.2,1000,5.262,0.073,0.585,0.138
instance_n=20_135,BN,0.6,bimodal,less tricky,0.022,0.505,1.35,8,0.645,0.625,-,-,0.05,8,3.33,0.2,1000,5.041,0.034,0.551,0.161
instance_n=20_136,BN,0.6,bimodal,less tricky,0.054,0.537,1.1,8,0.769,0.69,0.1,2,0.1,7,3.33,0.2,1000,4.946,0.021,0.565,0.163
instance_n=20_137,BN,0.6,bimodal,tricky,0.731,0.5,1.4,8,0.625,0.606,0.1,2,0.05,8,3.33,0.2,1000,4.677,0.022,0.635,0.175
instance_n=20_138,BN,0.6,bimodal,very tricky,0.963,0.553,1,10,0.833,0.769,0.55,2.2,0.05,10,3.33,0.2,1000,4.852,0.027,0.51,0.155
instance_n=20_139,BN,0.6,bimodal,very tricky,0.983,0.532,1,9,0.833,0.769,0.55,2.2,0.05,9,3.33,0.2,1000,4.818,0.045,0.514,0.152
instance_n=20_140,BN,0.6,bimodal,tricky,0.938,0.5,1.4,8,0.667,0.571,-,-,0.05,8,3.33,0.1,1000,4.763,0.05,0.472,0.14
instance_n=20_141,CH,0.2,peak at the bottom,less tricky,0.399,0.2,0.8,3,1,0.87,0.55,3.67,0,0,4,0.2,1000,2.908,0.024,0.315,0.085
instance_n=20_142,CH,0.2,peak at the bottom,less tricky,0.023,0.189,0.8,3,0.952,0.87,0.6,3,0,0,4,0.25,1000,2.808,0.023,0.27,0.065
instance_n=20_143,CH,0.2,peak at the bottom,tricky,0.6,0.221,0.85,3,0.952,0.87,0.6,3,0,0,4,0.2,1000,2.934,0.029,0.286,0.069
instance_n=20_144,CH,0.2,peak at the bottom,less tricky,0,0.2,0.9,3,0.909,0.87,0.65,2.6,0,0,4,0.2,1000,3.507,0.065,0.314,0.068
instance_n=20_145,CH,0.2,peak at the bottom,tricky,0.923,0.216,0.85,3,0.952,0.87,0.65,2.6,0,0,4,0.2,1000,2.966,0.037,0.354,0.073
instance_n=20_146,CH,0.2,peak at the bottom,less tricky,0.012,0.211,0.8,5,1,0.87,0.85,2.83,0,0,4,0.2,1000,2.672,0.027,0.3,0.076
instance_n=20_147,CH,0.2,peak at the bottom,less tricky,0.096,0.163,0.7,3,1,0.909,0.75,2.14,0,0,4,0.3,1000,2.857,0.045,0.298,0.06
instance_n=20_148,CH,0.2,peak at the bottom,less tricky,0.105,0.189,0.75,3,1,0.909,0.7,3.5,0,0,4,0.25,1000,2.852,0.022,0.252,0.065
instance_n=20_149,CH,0.2,peak at the bottom,tricky,0.708,0.189,0.75,5,1,0.87,0.7,3.5,0,0,4,0.25,1000,2.938,0.043,0.317,0.071
instance_n=20_150,CH,0.2,peak at the bottom,tricky,0.872,0.226,0.95,5,0.909,0.833,0.7,2.33,0,0,4,0.15,1000,2.962,0.022,0.379,0.08
instance_n=20_151,CH,0.2,peak at the bottom,less tricky,0.174,0.184,0.75,4,1,0.833,0.6,3,0,0,4,0.25,1000,2.87,0.056,0.335,0.076
instance_n=20_152,CH,0.2,peak at the bottom,less tricky,0.003,0.221,0.85,5,0.952,0.769,0.4,2,0,0,4,0.2,1000,2.781,0.028,0.307,0.082
instance_n=20_153,CH,0.2,peak at the bottom,tricky,0.578,0.174,0.8,4,1,0.8,0.6,2,0,0,4,0.2,1000,2.94,0.023,0.278,0.076
instance_n=20_154,CH,0.2,peak at the bottom,less tricky,0.08,0.211,0.8,3,1,0.87,0.8,2.67,0,0,4,0.2,1000,2.859,0.025,0.347,0.085
instance_n=20_155,CH,0.2,peak at the bottom,less tricky,0.004,0.211,0.85,3,1,0.833,0.6,3,0,0,4,0.15,1000,2.735,0.034,0.284,0.061
instance_n=20_156,CH,0.2,peak at the bottom,less tricky,0.001,0.184,0.8,3,1,0.87,0.7,2.8,0,0,4,0.2,1000,2.785,0.027,0.321,0.071
instance_n=20_157,CH,0.2,peak at the bottom,less tricky,0.007,0.147,0.7,2,1,0.87,0.6,3,0,0,4,0.3,1000,2.823,0.031,0.292,0.074
instance_n=20_158,CH,0.2,peak at the bottom,less tricky,0.273,0.195,0.7,4,1,0.833,0.45,3,0,0,4,0.3,1000,2.924,0.034,0.279,0.071
instance_n=20_159,CH,0.2,peak at the bottom,less tricky,0.132,0.247,0.85,5,0.952,0.87,0.8,2.67,0,0,4,0.2,1000,2.781,0.027,0.282,0.075
instance_n=20_160,CH,0.2,peak at the bottom,tricky,0.853,0.232,0.95,4,0.909,0.8,0.7,2.33,0,0,4,0.15,1000,2.969,0.022,0.336,0.089
instance_n=20_161,CH,0.2,peak at the bottom,tricky,0.609,0.163,0.75,2,1,0.952,0.9,3.6,0,0,4,0.25,1000,2.94,0.039,0.346,0.069
instance_n=20_162,CH,0.2,peak at the bottom,less tricky,0.001,0.179,0.8,3,1,0.833,0.55,3.67,0,0,4,0.2,1000,2.766,0.03,0.373,0.081
instance_n=20_163,CH,0.2,peak at the bottom,tricky,0.767,0.263,0.95,3,0.952,0.8,0.5,2.5,0,0,4,0.1,1000,2.964,0.046,0.29,0.068
instance_n=20_164,CH,0.2,peak at the bottom,less tricky,0,0.232,0.9,5,0.909,0.833,0.65,2.17,0,0,4,0.2,1000,3.456,0.037,0.347,0.087
instance_n=20_165,CH,0.2,peak at the bottom,less tricky,0.185,0.2,0.85,3,0.909,0.909,0.65,2.6,0,0,4,0.25,1000,2.865,0.033,0.299,0.075
instance_n=20_166,CH,0.2,peak in the middle,tricky,0.882,0.226,0.8,5,0.952,0.833,0.55,2.75,0,0,4,0.25,1000,10.257,0.275,0.708,0.122
instance_n=20_167,CH,0.2,peak in the middle,tricky,0.855,0.2,0.9,4,0.952,0.833,0.75,3,0,0,4,0.15,1000,9.497,0.211,0.67,0.11
instance_n=20_168,CH,0.2,peak in the middle,extremely tricky,1,0.179,0.75,4,1,0.87,0.65,3.25,0,0,4,0.25,1000,9.512,0.204,0.706,0.135
instance_n=20_169,CH,0.2,peak in the middle,very tricky,0.994,0.184,0.8,4,1,0.833,0.6,3,0,0,4,0.2,1000,9.448,0.047,0.641,0.134
instance_n=20_170,CH,0.2,peak in the middle,very tricky,0.991,0.147,0.75,3,0.952,0.909,0.6,3,0,0,4,0.3,1000,10.001,0.33,0.672,0.11
instance_n=20_171,CH,0.2,peak in the middle,tricky,0.716,0.153,0.7,2,0.952,1,0.85,3.4,0,0,4,0.35,1000,10.414,0.365,0.727,0.104
instance_n=20_172,CH,0.2,peak in the middle,very tricky,0.985,0.195,0.8,3,1,0.909,0.9,3.6,0,0,4,0.2,1000,9.979,0.325,0.801,0.111
instance_n=20_173,CH,0.2,peak in the middle,extremely tricky,0.999,0.189,0.85,4,1,0.769,0.45,3,0,0,4,0.15,1000,10.059,0.315,0.716,0.097
instance_n=20_174,CH,0.2,peak in the middle,extremely tricky,0.996,0.226,0.85,3,0.952,0.87,0.6,3,0,0,4,0.2,1000,10.408,0.382,0.726,0.099
instance_n=20_175,CH,0.2,peak in the middle,very tricky,0.988,0.253,0.9,5,1,0.8,0.75,3,0,0,4,0.1,1000,9.509,0.32,0.646,0.099
instance_n=20_176,CH,0.2,peak in the middle,tricky,0.925,0.268,1.05,5,0.905,0.769,0.65,2.6,0,0,4,0.05,1000,9.525,0.269,0.707,0.12
instance_n=20_177,CH,0.2,peak in the middle,tricky,0.689,0.2,0.8,3,1,0.909,0.75,3.75,0,0,4,0.2,1000,8.674,0.278,0.629,0.1
instance_n=20_178,CH,0.2,peak in the middle,very tricky,0.981,0.189,0.8,4,1,0.833,0.65,3.25,0,0,4,0.2,1000,9.919,0.327,0.645,0.076
instance_n=20_179,CH,0.2,peak in the middle,very tricky,0.983,0.195,0.85,4,1,0.833,0.8,3.2,0,0,4,0.15,1000,10.019,0.361,0.726,0.072
instance_n=20_180,CH,0.2,peak in the middle,tricky,0.853,0.174,0.8,3,1,0.87,0.85,2.83,0,0,4,0.2,1000,10.238,0.282,0.648,0.096
instance_n=20_181,CH,0.2,peak in the middle,extremely tricky,0.999,0.205,0.8,3,1,0.909,0.7,3.5,0,0,4,0.2,1000,10.053,0.328,0.802,0.115
instance_n=20_182,CH,0.2,peak in the middle,less tricky,0.218,0.258,0.9,4,0.952,0.833,0.6,2.4,0,0,4,0.15,1000,9.611,0.35,0.804,0.108
instance_n=20_183,CH,0.2,peak in the middle,less tricky,0.383,0.2,0.85,4,0.909,0.8,0.5,2,0,0,4,0.25,1000,9.855,0.309,0.665,0.09
instance_n=20_184,CH,0.2,peak in the middle,very tricky,0.973,0.195,0.75,3,1,0.952,0.8,4,0,0,4,0.25,1000,10.304,0.346,0.774,0.11
instance_n=20_185,CH,0.2,peak in the middle,tricky,0.691,0.216,0.8,4,1,0.87,0.7,2.8,0,0,4,0.2,1000,10.853,0.362,0.734,0.081
instance_n=20_186,CH,0.2,peak in the middle,tricky,0.737,0.2,0.9,6,1,0.769,0.7,3.5,0,0,4,0.1,1000,10.943,0.348,0.768,0.107
instance_n=20_187,CH,0.2,peak in the middle,very tricky,0.99,0.226,0.9,3,0.952,0.87,0.7,3.5,0,0,4,0.15,1000,9.287,0.235,0.738,0.148
instance_n=20_188,CH,0.2,peak in the middle,very tricky,0.969,0.242,0.85,5,1,0.8,0.65,3.25,0,0,4,0.15,1000,9.646,0.223,0.597,0.094
instance_n=20_189,CH,0.2,peak in the middle,tricky,0.572,0.216,0.85,2,1,0.909,0.85,4.25,0,0,4,0.15,1000,10.312,0.272,0.753,0.131
instance_n=20_190,CH,0.2,peak in the middle,tricky,0.783,0.216,0.85,4,0.952,0.833,0.55,3.67,0,0,4,0.2,1000,10.762,0.343,0.741,0.097
instance_n=20_191,CH,0.2,bimodal,less tricky,0.071,0.174,0.7,2,1,0.952,0.8,4,0,0,4,0.3,1000,3.709,0.029,0.492,0.106
instance_n=20_192,CH,0.2,bimodal,less tricky,0.482,0.179,0.8,2,0.952,0.952,0.85,3.4,0,0,4,0.25,1000,4.669,0.021,0.551,0.17
instance_n=20_193,CH,0.2,bimodal,less tricky,0.234,0.2,0.85,2,0.909,0.952,0.8,3.2,0,0,4,0.25,1000,4.577,0.034,0.59,0.144
instance_n=20_194,CH,0.2,bimodal,less tricky,0.019,0.153,0.75,2,1,0.952,0.95,3.17,0,0,4,0.25,1000,5.099,0.037,0.533,0.174
instance_n=20_195,CH,0.2,bimodal,less tricky,0.015,0.189,0.75,4,1,0.87,0.55,3.67,0,0,4,0.25,1000,5.023,0.032,0.547,0.154
instance_n=20_196,CH,0.2,bimodal,less tricky,0.018,0.163,0.7,3,1,0.87,0.65,2.6,0,0,4,0.3,1000,4.511,0.031,0.552,0.123
instance_n=20_197,CH,0.2,bimodal,tricky,0.928,0.2,0.8,3,1,0.952,0.9,3.6,0,0,4,0.2,1000,3.951,0.022,0.412,0.128
instance_n=20_198,CH,0.2,bimodal,less tricky,0.129,0.195,0.8,3,0.909,0.952,0.65,2.6,0,0,4,0.3,1000,5.322,0.028,0.6,0.163
instance_n=20_199,CH,0.2,bimodal,tricky,0.526,0.226,0.8,3,1,0.87,0.6,3,0,0,4,0.2,1000,4.669,0.041,0.566,0.17
instance_n=20_200,CH,0.2,bimodal,less tricky,0.011,0.242,0.85,3,1,0.909,0.85,3.4,0,0,4,0.15,1000,5.195,0.053,0.544,0.156
instance_n=20_201,CH,0.2,bimodal,less tricky,0.082,0.189,0.7,4,1,0.87,0.7,2.33,0,0,4,0.3,1000,5.401,0.085,0.617,0.142
instance_n=20_202,CH,0.2,bimodal,extremely tricky,1,0.189,0.8,2,1,0.952,0.95,3.8,0,0,4,0.2,1000,3.984,0.045,0.488,0.147
instance_n=20_203,CH,0.2,bimodal,tricky,0.791,0.221,0.9,3,1,0.833,0.7,3.5,0,0,4,0.1,1000,3.92,0.025,0.518,0.114
instance_n=20_204,CH,0.2,bimodal,tricky,0.671,0.189,0.85,4,0.952,0.833,0.65,2.6,0,0,4,0.2,1000,4.762,0.042,0.524,0.142
instance_n=20_205,CH,0.2,bimodal,less tricky,0.018,0.2,0.85,4,1,0.833,0.8,3.2,0,0,4,0.15,1000,5.044,0.047,0.507,0.158
instance_n=20_206,CH,0.2,bimodal,less tricky,0.277,0.232,0.9,4,0.909,0.833,0.6,2,0,0,4,0.2,1000,4.632,0.051,0.555,0.155
instance_n=20_207,CH,0.2,bimodal,less tricky,0.017,0.253,0.9,4,0.952,0.8,0.6,2.4,0,0,4,0.15,1000,5.163,0.026,0.515,0.158
instance_n=20_208,CH,0.2,bimodal,very tricky,0.988,0.179,0.8,3,0.952,0.909,0.75,3,0,0,4,0.25,1000,4.906,0.086,0.603,0.147
instance_n=20_209,CH,0.2,bimodal,less tricky,0.481,0.247,0.9,4,1,0.769,0.65,2.6,0,0,4,0.1,1000,3.859,0.028,0.443,0.118
instance_n=20_210,CH,0.2,bimodal,less tricky,0.066,0.179,0.75,3,0.952,0.952,0.75,3,0,0,4,0.3,1000,4.603,0.024,0.616,0.156
instance_n=20_211,CH,0.2,bimodal,less tricky,0.004,0.189,0.85,4,0.952,0.8,0.45,3,0,0,4,0.2,1000,4.178,0.022,0.494,0.133
instance_n=20_212,CH,0.2,bimodal,tricky,0.729,0.184,0.75,3,1,0.87,0.6,4,0,0,4,0.25,1000,4.685,0.049,0.614,0.188
instance_n=20_213,CH,0.2,bimodal,less tricky,0.004,0.195,0.85,4,1,0.8,0.6,3,0,0,4,0.15,1000,4.124,0.034,0.541,0.145
instance_n=20_214,CH,0.2,bimodal,tricky,0.782,0.184,0.85,3,0.952,0.909,0.9,3,0,0,4,0.2,1000,4.766,0.073,0.595,0.132
instance_n=20_215,CH,0.2,bimodal,tricky,0.701,0.179,0.8,3,1,0.87,0.7,2.8,0,0,4,0.2,1000,4.783,0.022,0.536,0.159
instance_n=20_216,CH,0.6,peak at the bottom,tricky,0.744,0.505,1.25,6,0.69,0.69,0.45,2.25,0,0,3.33,0.2,1000,2.928,0.047,0.332,0.07
instance_n=20_217,CH,0.6,peak at the bottom,less tricky,0.002,0.511,1,5,0.8,0.87,0.5,3.33,0.05,5,3.33,0.25,1000,3.532,0.052,0.296,0.072
instance_n=20_218,CH,0.6,peak at the bottom,less tricky,0.421,0.511,1.5,6,0.606,0.625,0.4,2.67,0,0,3.33,0.15,1000,2.87,0.021,0.35,0.09
instance_n=20_219,CH,0.6,peak at the bottom,less tricky,0.026,0.5,1.3,5,0.731,0.667,0.45,3,0,0,3.33,0.05,1000,2.816,0.031,0.318,0.077
instance_n=20_220,CH,0.6,peak at the bottom,very tricky,0.984,0.516,1.2,6,0.741,0.714,0.5,2.5,0.05,6,3.33,0.15,1000,2.954,0.023,0.303,0.081
instance_n=20_221,CH,0.6,peak at the bottom,less tricky,0.219,0.5,1.15,5,0.714,0.8,0.45,3,0,0,3.33,0.25,1000,2.857,0.022,0.31,0.078
instance_n=20_222,CH,0.6,peak at the bottom,tricky,0.723,0.5,1.3,6,0.714,0.667,0.4,2,0,0,3.33,0.1,1000,2.882,0.029,0.404,0.089
instance_n=20_223,CH,0.6,peak at the bottom,less tricky,0.13,0.521,1.4,6,0.667,0.645,0.4,2.67,0,0,3.33,0.1,1000,2.835,0.055,0.281,0.074
instance_n=20_224,CH,0.6,peak at the bottom,less tricky,0.242,0.647,1.25,6,0.69,0.69,0.4,2,0,0,3.33,0.2,1000,2.808,0.045,0.239,0.06
instance_n=20_225,CH,0.6,peak at the bottom,less tricky,0.046,0.5,1.2,5,0.714,0.741,0.45,3,0.05,5,3.33,0.2,1000,2.791,0.027,0.342,0.067
instance_n=20_226,CH,0.6,peak at the bottom,very tricky,0.971,0.563,1.2,6,0.741,0.714,0.4,2,0.05,6,3.33,0.15,1000,2.934,0.034,0.325,0.081
instance_n=20_227,CH,0.6,peak at the bottom,less tricky,0.231,0.5,1.35,6,0.667,0.625,0.4,2,0,0,3.33,0.15,1000,2.872,0.023,0.351,0.079
instance_n=20_228,CH,0.6,peak at the bottom,less tricky,0.011,0.537,1.2,6,0.714,0.769,0.45,2.25,0,0,3.33,0.2,1000,1.891,0.023,0.19,0.05
instance_n=20_229,CH,0.6,peak at the bottom,tricky,0.901,0.511,1.2,6,0.769,0.714,0.5,2.5,0,0,3.33,0.1,1000,2.969,0.023,0.312,0.078
instance_n=20_230,CH,0.6,peak at the bottom,less tricky,0.217,0.505,1.15,5,0.769,0.769,0.5,2.5,0,0,3.33,0.15,1000,2.782,0.028,0.291,0.081
instance_n=20_231,CH,0.6,peak at the bottom,less tricky,0.013,0.516,1.35,5,0.645,0.645,0.4,2.67,0.05,5,3.33,0.2,1000,2.848,0.052,0.301,0.064
instance_n=20_232,CH,0.6,peak at the bottom,very tricky,0.98,0.516,1.25,5,0.714,0.69,0.4,2.67,0,0,3.33,0.15,1000,2.933,0.037,0.281,0.078
instance_n=20_233,CH,0.6,peak at the bottom,less tricky,0.04,0.5,1.2,6,0.714,0.714,0.45,3,0.05,6,3.33,0.2,1000,2.772,0.021,0.257,0.066
instance_n=20_234,CH,0.6,peak at the bottom,tricky,0.87,0.505,1.4,5,0.645,0.667,0.4,2.67,0,0,3.33,0.15,1000,2.937,0.032,0.27,0.065
instance_n=20_235,CH,0.6,peak at the bottom,less tricky,0.04,0.5,1.25,6,0.69,0.714,0.45,3,0.05,6,3.33,0.2,1000,2.761,0.022,0.33,0.079
instance_n=20_236,CH,0.6,peak at the bottom,less tricky,0.288,0.5,1.3,5,0.667,0.714,0.4,2.67,0,0,3.33,0.2,1000,2.906,0.032,0.441,0.106
instance_n=20_237,CH,0.6,peak at the bottom,tricky,0.84,0.526,1.2,6,0.741,0.741,0.45,3,0.05,6,3.33,0.15,1000,2.908,0.026,0.262,0.065
instance_n=20_238,CH,0.6,peak at the bottom,less tricky,0.001,0.526,1.2,6,0.741,0.741,0.5,2.5,0,0,3.33,0.15,1000,2.854,0.023,0.338,0.082
instance_n=20_239,CH,0.6,peak at the bottom,less tricky,0.116,0.5,1.4,5,0.667,0.645,0.45,2.25,0,0,3.33,0.1,1000,2.785,0.022,0.247,0.07
instance_n=20_240,CH,0.6,peak at the bottom,tricky,0.57,0.505,1.05,6,0.769,0.833,0.45,3,0.05,6,3.33,0.25,1000,2.91,0.03,0.272,0.073
instance_n=20_241,CH,0.6,peak in the middle,less tricky,0.357,0.5,1.35,6,0.667,0.69,0.45,3,0.05,5,3.33,0.15,1000,9.944,0.199,0.698,0.138
instance_n=20_242,CH,0.6,peak in the middle,tricky,0.868,0.505,1.2,6,0.714,0.769,0.4,2.67,0.1,5.5,3.33,0.2,1000,9.917,0.28,0.671,0.11
instance_n=20_243,CH,0.6,peak in the middle,less tricky,0.467,0.5,1.25,6,0.714,0.667,0.4,2.67,0,0,3.33,0.15,1000,8.837,0.245,0.594,0.093
instance_n=20_244,CH,0.6,peak in the middle,tricky,0.863,0.526,1.2,5,0.741,0.741,0.4,2,0,0,3.33,0.15,1000,9.618,0.242,0.718,0.119
instance_n=20_245,CH,0.6,peak in the middle,tricky,0.93,0.5,1.3,5,0.69,0.69,0.45,3,0,0,3.33,0.15,1000,10.379,0.271,0.759,0.133
instance_n=20_246,CH,0.6,peak in the middle,tricky,0.884,0.5,1.15,5,0.769,0.769,0.5,2.5,0,0,3.33,0.15,1000,10.677,0.362,0.766,0.106
instance_n=20_247,CH,0.6,peak in the middle,very tricky,0.991,0.5,1.35,5,0.667,0.625,0.45,3,0,0,3.33,0.15,1000,9.485,0.3,0.582,0.073
instance_n=20_248,CH,0.6,peak in the middle,extremely tricky,0.998,0.542,1.75,8,0.513,0.513,0.4,4,0,0,3.33,0.2,1000,9.989,0.324,0.699,0.103
instance_n=20_249,CH,0.6,peak in the middle,tricky,0.893,0.5,1.25,6,0.741,0.69,0.4,2.67,0,0,3.33,0.1,1000,10.171,0.294,0.683,0.108
instance_n=20_250,CH,0.6,peak in the middle,extremely tricky,0.997,0.5,1.2,6,0.714,0.714,0.4,2.67,0.05,6,3.33,0.2,1000,9.192,0.222,0.603,0.094
instance_n=20_251,CH,0.6,peak in the middle,tricky,0.916,0.5,1.35,5,0.69,0.645,0.4,2.67,0,0,3.33,0.1,1000,9.484,0.254,0.778,0.148
instance_n=20_252,CH,0.6,peak in the middle,very tricky,0.963,0.505,1.35,6,0.69,0.667,0.45,2.25,0,0,3.33,0.1,1000,9.509,0.235,0.665,0.122
instance_n=20_253,CH,0.6,peak in the middle,open (not known yet),0.9999,0.5,1.45,6,0.645,0.625,0.45,2.25,0,0,3.33,0.1,1000,10.057,0.244,0.733,0.127
instance_n=20_254,CH,0.6,peak in the middle,very tricky,0.991,0.521,1.3,5,0.731,0.667,0.4,2.67,0.05,5,3.33,0.05,1000,10.195,0.337,0.843,0.126
instance_n=20_255,CH,0.6,peak in the middle,tricky,0.853,0.5,1.4,6,0.679,0.667,0.4,2,0,0,3.33,0.05,1000,10.748,0.362,0.733,0.098
instance_n=20_256,CH,0.6,peak in the middle,tricky,0.713,0.5,1.4,6,0.667,0.645,0.4,2.67,0,0,3.33,0.1,1000,10.891,0.342,0.752,0.11
instance_n=20_257,CH,0.6,peak in the middle,tricky,0.924,0.547,1.05,5,0.833,0.8,0.5,2.5,0,0,3.33,0.15,1000,9.221,0.368,0.614,0.064
instance_n=20_258,CH,0.6,peak in the middle,tricky,0.893,0.5,1.25,6,0.69,0.741,0.45,3,0.05,6,3.33,0.2,1000,10.203,0.293,0.751,0.121
instance_n=20_259,CH,0.6,peak in the middle,tricky,0.873,0.5,1.4,5,0.645,0.667,0.45,3,0,0,3.33,0.15,1000,10.402,0.275,0.725,0.116
instance_n=20_260,CH,0.6,peak in the middle,tricky,0.938,0.5,1.45,7,0.625,0.655,0.45,2.25,0,0,3.33,0.15,1000,10.252,0.231,0.919,0.143
instance_n=20_261,CH,0.6,peak in the middle,very tricky,0.983,0.511,1.35,5,0.69,0.69,0.5,2.5,0,0,3.33,0.1,1000,10.13,0.33,0.777,0.112
instance_n=20_262,CH,0.6,peak in the middle,tricky,0.698,0.5,1.35,5,0.667,0.667,0.4,2.67,0,0,3.33,0.15,1000,9.556,0.203,0.709,0.144
instance_n=20_263,CH,0.6,peak in the middle,tricky,0.898,0.5,1.15,5,0.741,0.741,0.4,2.67,0,0,3.33,0.2,1000,10.169,0.351,0.678,0.091
instance_n=20_264,CH,0.6,peak in the middle,very tricky,0.975,0.521,1.25,5,0.714,0.714,0.45,2.25,0,0,3.33,0.15,1000,9.979,0.287,0.741,0.121
instance_n=20_265,CH,0.6,peak in the middle,very tricky,0.974,0.5,1.2,6,0.741,0.741,0.45,2.25,0.05,6,3.33,0.15,1000,10.002,0.33,0.662,0.082
instance_n=20_266,CH,0.6,bimodal,extremely tricky,0.9999,0.505,1.05,7,0.833,0.8,0.6,2.4,0.05,7,3.33,0.15,1000,4.98,0.028,0.573,0.164
instance_n=20_267,CH,0.6,bimodal,tricky,0.712,0.5,1.2,5,0.741,0.69,0.45,3,0.05,5,3.33,0.15,1000,5.59,0.035,0.571,0.184
instance_n=20_268,CH,0.6,bimodal,less tricky,0.231,0.5,1.55,6,0.613,0.571,0.4,2.67,0,0,3.33,0.05,1000,5.448,0.03,0.547,0.177
instance_n=20_269,CH,0.6,bimodal,less tricky,0.057,0.5,1.3,5,0.714,0.645,0.4,2,0,0,3.33,0.1,1000,5.853,0.054,0.551,0.162
instance_n=20_270,CH,0.6,bimodal,less tricky,0.099,0.5,1.35,5,0.69,0.667,0.4,2.67,0,0,3.33,0.1,1000,5.777,0.044,0.52,0.163
instance_n=20_271,CH,0.6,bimodal,less tricky,0.004,0.511,1.35,6,0.69,0.645,0.4,2,0,0,3.33,0.1,1000,4.95,0.021,0.547,0.172
instance_n=20_272,CH,0.6,bimodal,less tricky,0.018,0.5,1.3,6,0.69,0.714,0.45,2.25,0,0,3.33,0.15,1000,4.472,0.043,0.515,0.14
instance_n=20_273,CH,0.6,bimodal,less tricky,0.258,0.521,1.15,5,0.769,0.741,0.4,2.67,0,0,3.33,0.15,1000,4.402,0.032,0.589,0.154
instance_n=20_274,CH,0.6,bimodal,less tricky,0,0.521,1.35,8,0.667,0.645,0.4,2.67,0,0,3.33,0.15,1000,4.9,0.029,0.54,0.148
instance_n=20_275,CH,0.6,bimodal,tricky,0.886,0.521,1.2,5,0.741,0.741,0.4,2.67,0,0,3.33,0.15,1000,4.89,0.106,0.576,0.125
instance_n=20_276,CH,0.6,bimodal,less tricky,0.009,0.5,1.2,6,0.741,0.714,0.45,2.25,0.05,5,3.33,0.15,1000,3.676,0.024,0.488,0.133
instance_n=20_277,CH,0.6,bimodal,less tricky,0.109,0.5,1.5,6,0.625,0.571,0.4,2.67,0,0,3.33,0.1,1000,3.7,0.032,0.514,0.133
instance_n=20_278,CH,0.6,bimodal,less tricky,0.221,0.5,1.3,6,0.714,0.69,0.5,2,0,0,3.33,0.1,1000,4.968,0.031,0.558,0.161
instance_n=20_279,CH,0.6,bimodal,less tricky,0.3,0.511,1.2,5,0.714,0.769,0.5,2.5,0,0,3.33,0.2,1000,5.432,0.048,0.576,0.163
instance_n=20_280,CH,0.6,bimodal,less tricky,0.313,0.505,1.15,6,0.741,0.769,0.4,2,0,0,3.33,0.2,1000,4.581,0.047,0.527,0.128
instance_n=20_281,CH,0.6,bimodal,less tricky,0.326,0.505,1.3,5,0.714,0.667,0.4,2.67,0,0,3.33,0.1,1000,3.75,0.034,0.535,0.118
instance_n=20_282,CH,0.6,bimodal,tricky,0.786,0.5,1.2,6,0.741,0.741,0.45,2.25,0,0,3.33,0.15,1000,3.89,0.028,0.536,0.116
instance_n=20_283,CH,0.6,bimodal,less tricky,0.074,0.511,1.5,6,0.606,0.588,0.4,2.67,0,0,3.33,0.15,1000,4.383,0.028,0.473,0.116
instance_n=20_284,CH,0.6,bimodal,tricky,0.752,0.521,1.3,7,0.714,0.69,0.4,2,0,0,3.33,0.1,1000,4.787,0.026,0.499,0.133
instance_n=20_285,CH,0.6,bimodal,tricky,0.713,0.505,1.4,7,0.667,0.625,0.45,2.25,0.05,7,3.33,0.1,1000,4.626,0.024,0.613,0.157
instance_n=20_286,CH,0.6,bimodal,tricky,0.877,0.516,1.4,6,0.679,0.625,0.45,2.25,0,0,3.33,0.05,1000,4.801,0.041,0.543,0.148
instance_n=20_287,CH,0.6,bimodal,tricky,0.784,0.5,1.15,6,0.769,0.741,0.55,2.75,0.05,6,3.33,0.15,1000,4.715,0.022,0.509,0.146
instance_n=20_288,CH,0.6,bimodal,less tricky,0.015,0.5,1.35,6,0.667,0.667,0.4,2.67,0,0,3.33,0.15,1000,5.026,0.062,0.539,0.122
instance_n=20_289,CH,0.6,bimodal,less tricky,0.374,0.553,1.25,5,0.714,0.714,0.45,2.25,0,0,3.33,0.15,1000,4.642,0.033,0.552,0.151
instance_n=20_290,CH,0.6,bimodal,tricky,0.75,0.516,1.4,6,0.645,0.645,0.4,2.67,0.05,6,3.33,0.15,1000,4.368,0.023,0.594,0.184
instance_n=20_291,MIXED,0.2,peak at the bottom,less tricky,0,0.2,0.85,4,1,0.741,0.4,2.67,0,0,4,0.15,1000,2.762,0.063,0.253,0.056
instance_n=20_292,MIXED,0.2,peak at the bottom,less tricky,0.015,0.189,0.75,3,1,0.8,0.35,2.33,0,0,4,0.25,1000,2.753,0.025,0.269,0.07
instance_n=20_293,MIXED,0.2,peak at the bottom,less tricky,0.358,0.184,0.75,3,1,0.769,0.2,2,0,0,4,0.25,1000,2.87,0.034,0.275,0.083
instance_n=20_294,MIXED,0.2,peak at the bottom,less tricky,0.005,0.205,0.8,3,1,0.769,0.35,2.33,0,0,4,0.2,1000,2.811,0.039,0.347,0.075
instance_n=20_295,MIXED,0.2,peak at the bottom,less tricky,0.004,0.205,0.8,3,1,0.833,0.5,2.5,0,0,4,0.2,1000,2.725,0.024,0.308,0.085
instance_n=20_296,MIXED,0.2,peak at the bottom,less tricky,0,0.179,0.75,3,1,0.87,0.55,2.75,0,0,4,0.25,1000,2.752,0.034,0.402,0.084
instance_n=20_297,MIXED,0.2,peak at the bottom,tricky,0.742,0.237,0.85,4,1,0.769,0.4,2.67,0,0,4,0.15,1000,2.947,0.062,0.271,0.055
instance_n=20_298,MIXED,0.2,peak at the bottom,less tricky,0.065,0.153,0.7,3,1,0.8,0.3,2,0,0,4,0.3,1000,2.848,0.031,0.252,0.066
instance_n=20_299,MIXED,0.2,peak at the bottom,less tricky,0.375,0.184,0.75,3,1,0.8,0.35,2.33,0,0,4,0.25,1000,2.923,0.023,0.353,0.092
instance_n=20_300,MIXED,0.2,peak at the bottom,less tricky,0.001,0.211,0.8,4,1,0.769,0.55,2.2,0,0,4,0.2,1000,3.56,0.031,0.387,0.088
instance_n=20_301,MIXED,0.2,peak at the bottom,less tricky,0.114,0.2,0.8,4,1,0.714,0.2,2,0,0,4,0.2,1000,2.85,0.026,0.333,0.079
instance_n=20_302,MIXED,0.2,peak at the bottom,less tricky,0.001,0.211,0.75,5,1,0.8,0.5,2.5,0,0,4,0.25,1000,2.718,0.03,0.312,0.08
instance_n=20_303,MIXED,0.2,peak at the bottom,tricky,0.895,0.179,0.7,3,1,0.833,0.45,3,0,0,4,0.3,1000,2.973,0.037,0.35,0.072
instance_n=20_304,MIXED,0.2,peak at the bottom,less tricky,0.001,0.195,0.75,5,1,0.769,0.3,3,0,0,4,0.25,1000,2.794,0.04,0.311,0.077
instance_n=20_305,MIXED,0.2,peak at the bottom,less tricky,0.479,0.184,0.75,3,1,0.769,0.3,2,0,0,4,0.25,1000,2.911,0.029,0.293,0.078
instance_n=20_306,MIXED,0.2,peak at the bottom,less tricky,0.357,0.211,0.8,3,1,0.833,0.6,3,0,0,4,0.2,1000,2.905,0.042,0.289,0.074
instance_n=20_307,MIXED,0.2,peak at the bottom,less tricky,0.256,0.179,0.75,3,1,0.833,0.55,2.75,0,0,4,0.25,1000,2.896,0.038,0.296,0.068
instance_n=20_308,MIXED,0.2,peak at the bottom,less tricky,0.003,0.221,0.9,4,1,0.769,0.7,2.33,0,0,4,0.1,1000,2.777,0.026,0.281,0.07
instance_n=20_309,MIXED,0.2,peak at the bottom,less tricky,0.006,0.205,0.85,3,1,0.769,0.2,2,0,0,4,0.15,1000,2.785,0.031,0.23,0.065
instance_n=20_310,MIXED,0.2,peak at the bottom,less tricky,0.017,0.184,0.7,4,1,0.8,0.2,2,0,0,4,0.3,1000,2.805,0.021,0.242,0.054
instance_n=20_311,MIXED,0.2,peak at the bottom,less tricky,0.293,0.2,0.8,5,1,0.667,0.1,2,0,0,4,0.2,1000,2.913,0.022,0.302,0.07
instance_n=20_312,MIXED,0.2,peak at the bottom,less tricky,0.001,0.2,0.8,3,1,0.833,0.55,2.75,0,0,4,0.2,1000,3.565,0.041,0.405,0.093
instance_n=20_313,MIXED,0.2,peak at the bottom,very tricky,0.984,0.226,0.85,3,1,0.8,0.45,2.25,0,0,4,0.15,1000,2.992,0.029,0.347,0.074
instance_n=20_314,MIXED,0.2,peak at the bottom,less tricky,0.078,0.195,0.8,3,1,0.833,0.55,2.75,0,0,4,0.2,1000,2.86,0.05,0.338,0.069
instance_n=20_315,MIXED,0.2,peak at the bottom,less tricky,0.378,0.221,0.8,6,1,0.741,0.4,2,0,0,4,0.2,1000,2.882,0.03,0.313,0.08
instance_n=20_316,MIXED,0.2,peak in the middle,tricky,0.919,0.168,0.75,4,1,0.8,0.4,2,0,0,4,0.25,1000,9.179,0.233,0.693,0.103
instance_n=20_317,MIXED,0.2,peak in the middle,tricky,0.678,0.237,0.85,4,1,0.8,0.6,2,0,0,4,0.15,1000,8.686,0.296,0.681,0.104
instance_n=20_318,MIXED,0.2,peak in the middle,extremely tricky,0.998,0.184,0.75,3,1,0.833,0.4,2,0,0,4,0.25,1000,9.568,0.229,0.701,0.126
instance_n=20_319,MIXED,0.2,peak in the middle,very tricky,0.97,0.211,0.8,3,1,0.8,0.4,2.67,0,0,4,0.2,1000,11.005,0.328,0.789,0.128
instance_n=20_320,MIXED,0.2,peak in the middle,very tricky,0.969,0.211,0.8,4,1,0.714,0.1,2,0,0,4,0.2,1000,10.125,0.246,0.752,0.131
instance_n=20_321,MIXED,0.2,peak in the middle,tricky,0.661,0.179,0.8,4,1,0.769,0.6,2.4,0,0,4,0.2,1000,10.517,0.322,0.686,0.118
instance_n=20_322,MIXED,0.2,peak in the middle,very tricky,0.99,0.232,0.8,4,1,0.741,0.2,2,0,0,4,0.2,1000,10.106,0.316,0.69,0.111
instance_n=20_323,MIXED,0.2,peak in the middle,very tricky,0.964,0.195,0.75,5,1,0.87,0.75,3,0,0,4,0.25,1000,10.705,0.273,0.834,0.135
instance_n=20_324,MIXED,0.2,peak in the middle,extremely tricky,0.999,0.2,0.8,5,1,0.741,0.4,2.67,0,0,4,0.2,1000,8.787,0.137,0.595,0.111
instance_n=20_325,MIXED,0.2,peak in the middle,less tricky,0.287,0.2,0.8,4,1,0.833,0.6,2.4,0,0,4,0.2,1000,10.764,0.359,0.761,0.119
instance_n=20_326,MIXED,0.2,peak in the middle,tricky,0.749,0.2,0.85,4,1,0.741,0.3,2,0,0,4,0.15,1000,10.716,0.307,0.706,0.113
instance_n=20_327,MIXED,0.2,peak in the middle,tricky,0.662,0.195,0.75,4,1,0.714,0.3,2,0,0,4,0.25,1000,10.309,0.243,0.86,0.148
instance_n=20_328,MIXED,0.2,peak in the middle,less tricky,0.351,0.195,0.8,3,1,0.87,0.8,3.2,0,0,4,0.2,1000,10.078,0.247,0.679,0.102
instance_n=20_329,MIXED,0.2,peak in the middle,extremely tricky,0.998,0.211,0.8,3,1,0.833,0.45,2.25,0,0,4,0.2,1000,9.347,0.289,0.639,0.099
instance_n=20_330,MIXED,0.2,peak in the middle,very tricky,0.986,0.184,0.75,4,1,0.741,0.15,3,0,0,4,0.25,1000,10.253,0.112,0.813,0.171
instance_n=20_331,MIXED,0.2,peak in the middle,tricky,0.875,0.237,0.85,4,1,0.741,0.45,2.25,0,0,4,0.15,1000,10.371,0.377,0.77,0.118
instance_n=20_332,MIXED,0.2,peak in the middle,tricky,0.949,0.174,0.7,3,1,0.909,0.65,2.6,0,0,4,0.3,1000,10.859,0.292,0.917,0.145
instance_n=20_333,MIXED,0.2,peak in the middle,very tricky,0.994,0.226,0.85,4,1,0.741,0.2,2,0,0,4,0.15,1000,9.943,0.339,0.653,0.094
instance_n=20_334,MIXED,0.2,peak in the middle,very tricky,0.974,0.2,0.75,3,1,0.8,0.4,2.67,0,0,4,0.25,1000,9.47,0.261,0.682,0.116
instance_n=20_335,MIXED,0.2,peak in the middle,less tricky,0.002,0.142,0.65,4,1,0.833,0.5,2,0,0,4,0.35,1000,9.699,0.16,0.704,0.145
instance_n=20_336,MIXED,0.2,peak in the middle,very tricky,0.98,0.2,0.75,4,1,0.833,0.4,2.67,0,0,4,0.25,1000,9.79,0.209,0.686,0.122
instance_n=20_337,MIXED,0.2,peak in the middle,tricky,0.91,0.195,0.8,4,1,0.8,0.6,2.4,0,0,4,0.2,1000,9.148,0.25,0.662,0.109
instance_n=20_338,MIXED,0.2,peak in the middle,tricky,0.901,0.189,0.7,3,1,0.909,0.55,3.67,0,0,4,0.3,1000,10.697,0.377,0.667,0.089
instance_n=20_339,MIXED,0.2,peak in the middle,tricky,0.855,0.147,0.65,4,1,0.833,0.45,2.25,0,0,4,0.35,1000,10.663,0.301,0.778,0.129
instance_n=20_340,MIXED,0.2,peak in the middle,tricky,0.949,0.174,0.75,4,1,0.833,0.55,2.75,0,0,4,0.25,1000,9.568,0.197,0.785,0.127
instance_n=20_341,MIXED,0.2,bimodal,less tricky,0,0.195,0.75,4,1,0.87,0.65,2.6,0,0,4,0.25,1000,5.056,0.027,0.524,0.148
instance_n=20_342,MIXED,0.2,bimodal,less tricky,0.039,0.195,0.8,5,1,0.69,0.1,2,0,0,4,0.2,1000,5.225,0.025,0.579,0.177
instance_n=20_343,MIXED,0.2,bimodal,less tricky,0.024,0.189,0.7,5,1,0.769,0.3,2,0,0,4,0.3,1000,5.191,0.091,0.564,0.129
instance_n=20_344,MIXED,0.2,bimodal,less tricky,0.394,0.179,0.7,4,1,0.741,0.1,2,0,0,4,0.3,1000,5.281,0.052,0.558,0.18
instance_n=20_345,MIXED,0.2,bimodal,less tricky,0.293,0.179,0.75,5,1,0.769,0.35,2.33,0,0,4,0.25,1000,3.833,0.02,0.485,0.144
instance_n=20_346,MIXED,0.2,bimodal,less tricky,0.311,0.2,0.8,4,1,0.741,0.5,2,0,0,4,0.2,1000,4.446,0.021,0.577,0.173
instance_n=20_347,MIXED,0.2,bimodal,less tricky,0.002,0.189,0.7,4,1,0.833,0.5,2.5,0,0,4,0.3,1000,5.102,0.029,0.58,0.152
instance_n=20_348,MIXED,0.2,bimodal,tricky,0.501,0.226,0.8,3,1,0.833,0.5,2.5,0,0,4,0.2,1000,4.793,0.034,0.588,0.164
instance_n=20_349,MIXED,0.2,bimodal,tricky,0.607,0.184,0.75,4,1,0.769,0.3,3,0,0,4,0.25,1000,4.584,0.053,0.5,0.122
instance_n=20_350,MIXED,0.2,bimodal,tricky,0.888,0.189,0.8,5,1,0.714,0.1,2,0,0,4,0.2,1000,4.868,0.046,0.563,0.164
instance_n=20_351,MIXED,0.2,bimodal,less tricky,0.076,0.2,0.75,3,1,0.87,0.55,2.75,0,0,4,0.25,1000,4.193,0.034,0.565,0.154
instance_n=20_352,MIXED,0.2,bimodal,tricky,0.572,0.189,0.75,4,1,0.8,0.45,2.25,0,0,4,0.25,1000,3.858,0.022,0.504,0.157
instance_n=20_353,MIXED,0.2,bimodal,tricky,0.934,0.258,0.9,4,1,0.741,0.45,3,0,0,4,0.1,1000,5.757,0.025,0.559,0.173
instance_n=20_354,MIXED,0.2,bimodal,less tricky,0.002,0.189,0.7,4,1,0.8,0.3,2,0,0,4,0.3,1000,5.139,0.042,0.564,0.151
instance_n=20_355,MIXED,0.2,bimodal,less tricky,0.14,0.232,0.9,5,1,0.741,0.5,2.5,0,0,4,0.1,1000,4.592,0.051,0.545,0.161
instance_n=20_356,MIXED,0.2,bimodal,tricky,0.658,0.2,0.75,4,1,0.769,0.25,2.5,0,0,4,0.25,1000,4.726,0.023,0.48,0.147
instance_n=20_357,MIXED,0.2,bimodal,tricky,0.513,0.195,0.75,4,1,0.769,0.3,2,0,0,4,0.25,1000,4.716,0.058,0.492,0.134
instance_n=20_358,MIXED,0.2,bimodal,less tricky,0.24,0.189,0.8,3,1,0.833,0.5,2.5,0,0,4,0.2,1000,3.767,0.034,0.499,0.13
instance_n=20_359,MIXED,0.2,bimodal,less tricky,0.005,0.184,0.75,4,1,0.833,0.55,2.2,0,0,4,0.25,1000,3.458,0.042,0.475,0.13
instance_n=20_360,MIXED,0.2,bimodal,less tricky,0.003,0.195,0.8,4,1,0.741,0.2,2,0,0,4,0.2,1000,5.304,0.039,0.567,0.159
instance_n=20_361,MIXED,0.2,bimodal,less tricky,0.15,0.2,0.8,3,1,0.769,0.4,2,0,0,4,0.2,1000,4.423,0.032,0.572,0.144
instance_n=20_362,MIXED,0.2,bimodal,tricky,0.802,0.174,0.8,4,1,0.8,0.5,2,0,0,4,0.2,1000,4.769,0.023,0.521,0.144
instance_n=20_363,MIXED,0.2,bimodal,less tricky,0.328,0.2,0.65,5,1,0.769,0.2,2,0,0,4,0.35,1000,6.278,0.069,0.624,0.167
instance_n=20_364,MIXED,0.2,bimodal,less tricky,0,0.184,0.8,4,1,0.769,0.4,2.67,0,0,4,0.2,1000,3.291,0.034,0.556,0.14
instance_n=20_365,MIXED,0.2,bimodal,less tricky,0.472,0.179,0.75,3,1,0.8,0.4,2,0,0,4,0.25,1000,4.687,0.055,0.507,0.137
instance_n=20_366,MIXED,0.6,peak at the bottom,less tricky,0.118,0.511,1.45,6,0.655,0.588,-,-,0,0,3.33,0.05,1000,2.801,0.056,0.297,0.066
instance_n=20_367,MIXED,0.6,peak at the bottom,tricky,0.628,0.5,1.3,6,0.69,0.606,0.1,2,0,0,3.33,0.15,1000,2.888,0.038,0.278,0.078
instance_n=20_368,MIXED,0.6,peak at the bottom,tricky,0.542,0.5,1.45,4,0.606,0.625,-,-,0,0,3.33,0.2,1000,2.863,0.03,0.323,0.079
instance_n=20_369,MIXED,0.6,peak at the bottom,less tricky,0.099,0.5,1.5,5,0.606,0.556,-,-,0,0,3.33,0.15,1000,2.822,0.04,0.4,0.076
instance_n=20_370,MIXED,0.6,peak at the bottom,very tricky,0.99,0.5,1.4,6,0.667,0.588,-,-,0,0,3.33,0.1,1000,2.983,0.021,0.337,0.072
instance_n=20_371,MIXED,0.6,peak at the bottom,less tricky,0.176,0.5,1.7,5,0.541,0.526,-,-,0,0,3.33,0.15,1000,2.844,0.025,0.3,0.074
instance_n=20_372,MIXED,0.6,peak at the bottom,less tricky,0.026,0.5,1.5,6,0.606,0.571,-,-,0,0,3.33,0.15,1000,2.8,0.032,0.3,0.077
instance_n=20_373,MIXED,0.6,peak at the bottom,very tricky,0.995,0.5,1.4,5,0.645,0.588,0.1,2,0,0,3.33,0.15,1000,2.979,0.021,0.28,0.072
instance_n=20_374,MIXED,0.6,peak at the bottom,less tricky,0.002,0.505,1.6,5,0.556,0.556,-,-,0,0,3.33,0.2,1000,2.788,0.024,0.33,0.068
instance_n=20_375,MIXED,0.6,peak at the bottom,less tricky,0.001,0.5,1.25,5,0.667,0.667,-,-,0.05,5,3.33,0.25,1000,2.747,0.052,0.216,0.041
instance_n=20_376,MIXED,0.6,peak at the bottom,less tricky,0.236,0.521,1.35,6,0.667,0.645,-,-,0,0,3.33,0.15,1000,2.813,0.024,0.352,0.076
instance_n=20_377,MIXED,0.6,peak at the bottom,less tricky,0.246,0.511,1.25,6,0.69,0.606,-,-,0,0,3.33,0.2,1000,2.876,0.056,0.345,0.084
instance_n=20_378,MIXED,0.6,peak at the bottom,less tricky,0.037,0.516,1.55,6,0.571,0.571,-,-,0,0,3.33,0.2,1000,2.738,0.029,0.291,0.067
instance_n=20_379,MIXED,0.6,peak at the bottom,less tricky,0.357,0.521,1.3,6,0.667,0.606,0.1,2,0,0,3.33,0.2,1000,3.769,0.039,0.473,0.119
instance_n=20_380,MIXED,0.6,peak at the bottom,less tricky,0.05,0.5,1.4,7,0.606,0.625,-,-,0,0,3.33,0.25,1000,2.79,0.026,0.258,0.06
instance_n=20_381,MIXED,0.6,peak at the bottom,less tricky,0.042,0.5,1.35,6,0.667,0.625,0.1,2,0,0,3.33,0.15,1000,2.859,0.046,0.388,0.088
instance_n=20_382,MIXED,0.6,peak at the bottom,less tricky,0.004,0.5,1.45,6,0.606,0.606,-,-,0,0,3.33,0.2,1000,3.468,0.041,0.318,0.088
instance_n=20_383,MIXED,0.6,peak at the bottom,less tricky,0.349,0.542,1.55,6,0.571,0.571,-,-,0,0,3.33,0.2,1000,2.809,0.027,0.376,0.082
instance_n=20_384,MIXED,0.6,peak at the bottom,less tricky,0.013,0.505,1.2,5,0.69,0.667,-,-,0,0,3.33,0.25,1000,2.858,0.068,0.238,0.044
instance_n=20_385,MIXED,0.6,peak at the bottom,tricky,0.753,0.505,1.6,5,0.571,0.541,-,-,0,0,3.33,0.15,1000,2.931,0.055,0.255,0.054
instance_n=20_386,MIXED,0.6,peak at the bottom,tricky,0.73,0.505,1.4,6,0.625,0.606,-,-,0,0,3.33,0.2,1000,2.966,0.057,0.31,0.073
instance_n=20_387,MIXED,0.6,peak at the bottom,tricky,0.692,0.5,1.25,5,0.741,0.606,-,-,0,0,3.33,0.1,1000,2.874,0.024,0.278,0.068
instance_n=20_388,MIXED,0.6,peak at the bottom,tricky,0.902,0.5,1.25,6,0.667,0.667,-,-,0,0,3.33,0.25,1000,2.95,0.021,0.284,0.076
instance_n=20_389,MIXED,0.6,peak at the bottom,less tricky,0.003,0.516,1.25,5,0.714,0.667,0.1,2,0,0,3.33,0.15,1000,2.722,0.027,0.268,0.064
instance_n=20_390,MIXED,0.6,peak at the bottom,tricky,0.913,0.532,1.4,6,0.645,0.606,0.25,2.5,0,0,3.33,0.15,1000,2.961,0.023,0.36,0.085
instance_n=20_391,MIXED,0.6,peak in the middle,extremely tricky,0.9999,0.516,1.4,7,0.645,0.588,0.1,2,0.05,7,3.33,0.15,1000,9.795,0.219,0.718,0.113
instance_n=20_392,MIXED,0.6,peak in the middle,tricky,0.935,0.521,1.25,5,0.667,0.667,-,-,0,0,3.33,0.25,1000,10.7,0.418,0.799,0.099
instance_n=20_393,MIXED,0.6,peak in the middle,very tricky,0.993,0.516,1.55,5,0.556,0.556,-,-,0,0,3.33,0.25,1000,9.688,0.275,0.7,0.107
instance_n=20_394,MIXED,0.6,peak in the middle,tricky,0.819,0.526,1.55,6,0.606,0.556,-,-,0,0,3.33,0.1,1000,9.851,0.261,0.683,0.093
instance_n=20_395,MIXED,0.6,peak in the middle,very tricky,0.985,0.505,1.45,5,0.625,0.606,-,-,0,0,3.33,0.15,1000,9.944,0.149,0.803,0.146
instance_n=20_396,MIXED,0.6,peak in the middle,tricky,0.503,0.505,1.5,5,0.606,0.588,-,-,0,0,3.33,0.15,1000,10.378,0.309,0.758,0.134
instance_n=20_397,MIXED,0.6,peak in the middle,tricky,0.871,0.5,1.45,5,0.606,0.588,-,-,0,0,3.33,0.2,1000,8.93,0.284,0.618,0.115
instance_n=20_398,MIXED,0.6,peak in the middle,extremely tricky,0.999,0.5,1.35,6,0.667,0.606,0.1,2,0,0,3.33,0.15,1000,9.709,0.187,0.794,0.134
instance_n=20_399,MIXED,0.6,peak in the middle,very tricky,0.98,0.5,1.4,5,0.625,0.606,-,-,0,0,3.33,0.2,1000,10.029,0.287,0.842,0.126
instance_n=20_400,MIXED,0.6,peak in the middle,tricky,0.934,0.5,1.6,6,0.571,0.513,-,-,0,0,3.33,0.15,1000,10.251,0.297,0.765,0.128
instance_n=20_401,MIXED,0.6,peak in the middle,tricky,0.79,0.511,1.5,5,0.571,0.588,-,-,0,0,3.33,0.25,1000,10.045,0.305,0.749,0.104
instance_n=20_402,MIXED,0.6,peak in the middle,tricky,0.821,0.511,1.25,6,0.667,0.645,-,-,0,0,3.33,0.25,1000,10.208,0.329,0.775,0.107
instance_n=20_403,MIXED,0.6,peak in the middle,tricky,0.903,0.5,1.35,5,0.625,0.625,-,-,0,0,3.33,0.25,1000,9.908,0.357,0.614,0.083
instance_n=20_404,MIXED,0.6,peak in the middle,tricky,0.742,0.505,1.35,6,0.645,0.588,0.2,2,0,0,3.33,0.2,1000,8.547,0.239,0.613,0.114
instance_n=20_405,MIXED,0.6,peak in the middle,very tricky,0.976,0.537,1.5,5,0.625,0.588,0.1,2,0,0,3.33,0.1,1000,10.217,0.366,0.918,0.126
instance_n=20_406,MIXED,0.6,peak in the middle,less tricky,0.185,0.553,1.25,5,0.714,0.645,0.1,2,0,0,3.33,0.15,1000,9.989,0.295,0.669,0.111
instance_n=20_407,MIXED,0.6,peak in the middle,very tricky,0.98,0.5,1.25,5,0.714,0.667,-,-,0,0,3.33,0.15,1000,9.13,0.224,0.666,0.134
instance_n=20_408,MIXED,0.6,peak in the middle,tricky,0.847,0.5,1.4,6,0.645,0.588,0.1,2,0,0,3.33,0.15,1000,10.422,0.297,0.681,0.103
instance_n=20_409,MIXED,0.6,peak in the middle,extremely tricky,0.995,0.505,1.4,5,0.606,0.645,-,-,0,0,3.33,0.25,1000,9.988,0.28,0.713,0.124
instance_n=20_410,MIXED,0.6,peak in the middle,very tricky,0.995,0.505,1.5,5,0.625,0.588,0.2,2,0,0,3.33,0.1,1000,9.742,0.283,0.787,0.127
instance_n=20_411,MIXED,0.6,peak in the middle,less tricky,0.147,0.5,1.45,5,0.625,0.606,-,-,0,0,3.33,0.15,1000,11.006,0.365,0.744,0.097
instance_n=20_412,MIXED,0.6,peak in the middle,very tricky,0.965,0.511,1.3,5,0.69,0.606,-,-,0,0,3.33,0.15,1000,9.617,0.266,0.656,0.095
instance_n=20_413,MIXED,0.6,peak in the middle,tricky,0.927,0.5,1.3,4,0.714,0.625,0.1,2,0,0,3.33,0.1,1000,9.216,0.112,0.711,0.139
instance_n=20_414,MIXED,0.6,peak in the middle,tricky,0.712,0.5,1.3,6,0.667,0.645,-,-,0.05,6,3.33,0.2,1000,9.722,0.307,0.662,0.104
instance_n=20_415,MIXED,0.6,peak in the middle,extremely tricky,0.998,0.5,1.3,6,0.69,0.606,0.1,2,0,0,3.33,0.15,1000,9.152,0.247,0.616,0.102
instance_n=20_416,MIXED,0.6,bimodal,less tricky,0.324,0.5,1.25,5,0.69,0.645,0.1,2,0,0,3.33,0.2,1000,5.28,0.026,0.54,0.185
instance_n=20_417,MIXED,0.6,bimodal,less tricky,0.381,0.516,1.55,5,0.588,0.541,-,-,0,0,3.33,0.15,1000,4.524,0.044,0.476,0.116
instance_n=20_418,MIXED,0.6,bimodal,less tricky,0.41,0.5,1.7,7,0.556,0.526,-,-,0,0,3.33,0.1,1000,5.334,0.022,0.599,0.173
instance_n=20_419,MIXED,0.6,bimodal,less tricky,0.273,0.5,1.2,5,0.714,0.667,-,-,0.05,5,3.33,0.2,1000,3.685,0.051,0.464,0.122
instance_n=20_420,MIXED,0.6,bimodal,less tricky,0.072,0.5,1.65,9,0.526,0.513,-,-,0,0,3.33,0.25,1000,4.335,0.063,0.475,0.11
instance_n=20_421,MIXED,0.6,bimodal,less tricky,0.002,0.505,1.55,5,0.588,0.571,-,-,0,0,3.33,0.15,1000,5.25,0.045,0.528,0.154
instance_n=20_422,MIXED,0.6,bimodal,less tricky,0.122,0.5,1.35,4,0.667,0.645,-,-,0,0,3.33,0.15,1000,3.666,0.047,0.449,0.109
instance_n=20_423,MIXED,0.6,bimodal,less tricky,0.036,0.511,1.35,5,0.69,0.606,-,-,0,0,3.33,0.1,1000,5.138,0.077,0.516,0.145
instance_n=20_424,MIXED,0.6,bimodal,very tricky,0.975,0.532,1.55,5,0.588,0.541,-,-,0,0,3.33,0.15,1000,4.84,0.068,0.503,0.144
instance_n=20_425,MIXED,0.6,bimodal,less tricky,0.054,0.5,1.65,5,0.576,0.526,-,-,0,0,3.33,0.05,1000,5.22,0.021,0.508,0.168
instance_n=20_426,MIXED,0.6,bimodal,less tricky,0.453,0.505,1.4,5,0.667,0.625,-,-,0,0,3.33,0.1,1000,4.564,0.021,0.547,0.171
instance_n=20_427,MIXED,0.6,bimodal,tricky,0.893,0.511,1.3,5,0.645,0.645,-,-,0,0,3.33,0.25,1000,5.731,0.07,0.521,0.158
instance_n=20_428,MIXED,0.6,bimodal,less tricky,0.343,0.521,1.15,5,0.741,0.714,0.2,2,0,0,3.33,0.2,1000,4.475,0.024,0.611,0.164
instance_n=20_429,MIXED,0.6,bimodal,less tricky,0.386,0.5,1.25,6,0.714,0.645,-,-,0.05,6,3.33,0.15,1000,3.806,0.038,0.511,0.15
instance_n=20_430,MIXED,0.6,bimodal,less tricky,0,0.5,1.55,5,0.571,0.588,0.1,2,0,0,3.33,0.2,1000,4.239,0.052,0.498,0.128
instance_n=20_431,MIXED,0.6,bimodal,less tricky,0.148,0.526,1.6,5,0.588,0.556,0.1,2,0,0,3.33,0.1,1000,5.396,0.031,0.551,0.158
instance_n=20_432,MIXED,0.6,bimodal,very tricky,0.993,0.5,1.3,5,0.714,0.625,0.2,2,0,0,3.33,0.1,1000,4.874,0.023,0.52,0.166
instance_n=20_433,MIXED,0.6,bimodal,less tricky,0.051,0.5,1.2,5,0.714,0.69,0.1,2,0,0,3.33,0.2,1000,4.226,0.036,0.537,0.156
instance_n=20_434,MIXED,0.6,bimodal,less tricky,0.344,0.521,1.35,5,0.667,0.588,-,-,0,0,3.33,0.15,1000,4.708,0.049,0.575,0.153
instance_n=20_435,MIXED,0.6,bimodal,less tricky,0.445,0.553,1.3,6,0.645,0.667,-,-,0,0,3.33,0.25,1000,5.984,0.05,0.541,0.157
instance_n=20_436,MIXED,0.6,bimodal,less tricky,0.079,0.516,1.2,6,0.714,0.714,-,-,0.05,6,3.33,0.2,1000,4.503,0.04,0.503,0.121
instance_n=20_437,MIXED,0.6,bimodal,tricky,0.785,0.553,1.55,6,0.606,0.541,-,-,0,0,3.33,0.1,1000,4.774,0.052,0.516,0.149
instance_n=20_438,MIXED,0.6,bimodal,very tricky,0.951,0.511,1.45,5,0.645,0.571,-,-,0,0,3.33,0.1,1000,5.84,0.044,0.585,0.165
instance_n=20_439,MIXED,0.6,bimodal,less tricky,0.412,0.516,1.25,6,0.69,0.667,-,-,0,0,3.33,0.2,1000,4.148,0.046,0.631,0.157
instance_n=20_440,MIXED,0.6,bimodal,less tricky,0.003,0.5,1.4,6,0.667,0.606,0.1,2,0,0,3.33,0.1,1000,4.023,0.032,0.557,0.157
instance_n=20_441,MIXED,0.9,peak at the bottom,tricky,0.586,0.8,1.55,5,0.588,0.588,-,-,0.05,4,2.22,0.15,1000,2.78,0.024,0.321,0.083
instance_n=20_442,MIXED,0.9,peak at the bottom,tricky,0.59,0.8,1.5,5,0.625,0.588,0.1,2,0,0,2.22,0.1,1000,2.929,0.04,0.249,0.06
instance_n=20_443,MIXED,0.9,peak at the bottom,less tricky,0.036,0.816,1.75,5,0.526,0.526,-,-,0.05,5,2.22,0.15,1000,2.933,0.027,0.322,0.074
instance_n=20_444,MIXED,0.9,peak at the bottom,tricky,0.934,0.8,1.4,6,0.645,0.667,-,-,0.05,6,2.22,0.15,1000,2.879,0.035,0.357,0.073
instance_n=20_445,MIXED,0.9,peak at the bottom,less tricky,0.358,0.811,1.45,5,0.645,0.606,-,-,0,0,2.22,0.1,1000,2.767,0.021,0.435,0.102
instance_n=20_446,MIXED,0.9,peak at the bottom,less tricky,0.019,0.816,1.7,5,0.556,0.559,-,-,0,0,2.22,0.1,1000,2.452,0.021,0.362,0.082
instance_n=20_447,MIXED,0.9,peak at the bottom,less tricky,0.269,0.8,1.45,5,0.645,0.625,-,-,0,0,2.22,0.1,1000,2.898,0.028,0.318,0.081
instance_n=20_448,MIXED,0.9,peak at the bottom,tricky,0.941,0.805,1.35,6,0.667,0.667,0.1,2,0.05,6,2.22,0.15,1000,2.945,0.024,0.299,0.08
instance_n=20_449,MIXED,0.9,peak at the bottom,tricky,0.765,0.811,1.85,6,0.5,0.513,-,-,0,0,2.22,0.15,1000,2.856,0.021,0.287,0.079
instance_n=20_450,MIXED,0.9,peak at the bottom,less tricky,0.167,0.811,1.65,5,0.556,0.541,-,-,0,0,2.22,0.15,1000,2.748,0.023,0.309,0.059
instance_n=20_451,MIXED,0.9,peak at the bottom,less tricky,0.3,0.811,1.3,5,0.714,0.69,0.1,2,0.05,5,2.22,0.1,1000,2.829,0.021,0.317,0.077
instance_n=20_452,MIXED,0.9,peak at the bottom,less tricky,0.312,0.811,1.6,5,0.588,0.571,-,-,0,0,2.22,0.1,1000,2.824,0.047,0.284,0.061
instance_n=20_453,MIXED,0.9,peak at the bottom,very tricky,0.964,0.842,1.7,5,0.559,0.541,-,-,0,0,2.22,0.05,1000,2.859,0.02,0.344,0.09
instance_n=20_454,MIXED,0.9,peak at the bottom,less tricky,0.211,0.826,1.9,7,0.5,0.488,-,-,0.05,5,2.22,0.05,1000,2.855,0.055,0.358,0.072
instance_n=20_455,MIXED,0.9,peak at the bottom,less tricky,0.129,0.805,1.5,5,0.633,0.588,-,-,0,0,2.22,0.05,1000,2.775,0.022,0.288,0.076
instance_n=20_456,MIXED,0.9,peak at the bottom,less tricky,0.008,0.805,1.55,5,0.606,0.588,-,-,0,0,2.22,0.1,1000,3.521,0.045,0.309,0.07
instance_n=20_457,MIXED,0.9,peak at the bottom,less tricky,0.032,0.826,1.65,6,0.571,0.541,0.1,2,0,0,2.22,0.1,1000,2.886,0.042,0.446,0.098
instance_n=20_458,MIXED,0.9,peak at the bottom,less tricky,0.499,0.805,1.55,5,0.606,0.588,-,-,0.05,4,2.22,0.1,1000,2.821,0.022,0.309,0.074
instance_n=20_459,MIXED,0.9,peak at the bottom,less tricky,0.49,0.805,1.55,5,0.606,0.588,-,-,0.05,5,2.22,0.1,1000,2.825,0.046,0.256,0.056
instance_n=20_460,MIXED,0.9,peak at the bottom,less tricky,0.336,0.816,1.4,7,0.645,0.625,-,-,0.1,4.5,2.22,0.15,1000,2.715,0.021,0.319,0.086
instance_n=20_461,MIXED,0.9,peak at the bottom,less tricky,0.445,0.811,1.5,5,0.625,0.606,-,-,0.1,4.5,2.22,0.1,1000,2.848,0.02,0.339,0.081
instance_n=20_462,MIXED,0.9,peak at the bottom,less tricky,0.415,0.8,1.55,5,0.613,0.571,0.1,2,0,0,2.22,0.05,1000,2.887,0.031,0.259,0.067
instance_n=20_463,MIXED,0.9,peak at the bottom,less tricky,0.476,0.8,1.6,5,0.588,0.571,-,-,0,0,2.22,0.1,1000,2.848,0.02,0.283,0.086
instance_n=20_464,MIXED,0.9,peak at the bottom,tricky,0.625,0.816,1.5,5,0.606,0.606,-,-,0,0,2.22,0.15,1000,2.945,0.052,0.401,0.087
instance_n=20_465,MIXED,0.9,peak at the bottom,tricky,0.781,0.826,1.55,5,0.588,0.606,-,-,0,0,2.22,0.15,1000,2.906,0.048,0.357,0.081
instance_n=20_466,MIXED,0.9,peak in the middle,tricky,0.635,0.821,1.55,5,0.613,0.556,-,-,0.05,5,2.22,0.05,1000,10.174,0.254,0.671,0.108
instance_n=20_467,MIXED,0.9,peak in the middle,open (not known yet),0.9999,0.805,1.45,5,0.645,0.606,-,-,0.05,5,2.22,0.1,1000,10.486,0.29,0.774,0.124
instance_n=20_468,MIXED,0.9,peak in the middle,tricky,0.823,0.805,1.2,5,0.714,0.714,0.1,2,0.05,5,2.22,0.2,1000,9.719,0.231,0.776,0.137
instance_n=20_469,MIXED,0.9,peak in the middle,less tricky,0.354,0.8,1.45,5,0.625,0.645,-,-,0.05,5,2.22,0.15,1000,10.159,0.21,0.79,0.127
instance_n=20_470,MIXED,0.9,peak in the middle,tricky,0.64,0.8,1.5,5,0.606,0.625,0.1,2,0,0,2.22,0.15,1000,9.655,0.245,0.687,0.107
instance_n=20_471,MIXED,0.9,peak in the middle,less tricky,0.303,0.805,1.55,5,0.588,0.571,-,-,0,0,2.22,0.15,1000,9.773,0.251,0.695,0.122
instance_n=20_472,MIXED,0.9,peak in the middle,tricky,0.58,0.8,1.65,5,0.576,0.541,-,-,0,0,2.22,0.05,1000,9.978,0.181,0.768,0.133
instance_n=20_473,MIXED,0.9,peak in the middle,less tricky,0.245,0.821,1.45,5,0.645,0.606,0.1,2,0,0,2.22,0.1,1000,8.37,0.211,0.537,0.104
instance_n=20_474,MIXED,0.9,peak in the middle,tricky,0.844,0.811,1.45,5,0.645,0.606,0.1,2,0.05,5,2.22,0.1,1000,10.532,0.3,0.733,0.126
instance_n=20_475,MIXED,0.9,peak in the middle,less tricky,0.487,0.8,1.6,5,0.588,0.571,-,-,0,0,2.22,0.1,1000,9.589,0.277,0.679,0.094
instance_n=20_476,MIXED,0.9,peak in the middle,very tricky,0.986,0.811,1.9,6,0.5,0.488,-,-,0,0,2.22,0.1,1000,9.762,0.324,0.678,0.106
instance_n=20_477,MIXED,0.9,peak in the middle,very tricky,0.964,0.805,1.45,5,0.645,0.625,-,-,0,0,2.22,0.1,1000,9.568,0.332,0.777,0.118
instance_n=20_478,MIXED,0.9,peak in the middle,tricky,0.899,0.805,1.4,5,0.667,0.645,-,-,0,0,2.22,0.1,1000,10.01,0.315,0.724,0.113
instance_n=20_479,MIXED,0.9,peak in the middle,very tricky,0.964,0.811,1.6,5,0.588,0.571,0.1,2,0,0,2.22,0.1,1000,10.512,0.288,0.801,0.122
instance_n=20_480,MIXED,0.9,peak in the middle,tricky,0.891,0.8,1.3,5,0.69,0.69,0.1,2,0.05,5,2.22,0.15,1000,10.177,0.362,0.7,0.088
instance_n=20_481,MIXED,0.9,peak in the middle,less tricky,0.41,0.832,1.45,6,0.625,0.625,-,-,0.1,5.5,2.22,0.15,1000,10.154,0.327,0.747,0.099
instance_n=20_482,MIXED,0.9,peak in the middle,tricky,0.76,0.805,1.55,6,0.588,0.588,-,-,0.1,5,2.22,0.15,1000,9.752,0.268,0.649,0.091
instance_n=20_483,MIXED,0.9,peak in the middle,tricky,0.828,0.8,1.4,5,0.667,0.625,0.1,2,0.05,4,2.22,0.1,1000,9.685,0.216,0.639,0.096
instance_n=20_484,MIXED,0.9,peak in the middle,tricky,0.832,0.8,1.6,6,0.571,0.571,-,-,0,0,2.22,0.15,1000,9.959,0.236,0.662,0.103
instance_n=20_485,MIXED,0.9,peak in the middle,less tricky,0.354,0.805,1.5,6,0.625,0.606,-,-,0,0,2.22,0.1,1000,10.584,0.254,0.776,0.118
instance_n=20_486,MIXED,0.9,peak in the middle,less tricky,0.468,0.837,1.4,5,0.667,0.645,-,-,0.05,5,2.22,0.1,1000,9.141,0.254,0.624,0.088
instance_n=20_487,MIXED,0.9,peak in the middle,tricky,0.627,0.816,1.35,7,0.667,0.645,-,-,0.15,5.667,2.22,0.15,1000,9.598,0.289,0.721,0.107
instance_n=20_488,MIXED,0.9,peak in the middle,tricky,0.501,0.811,1.65,6,0.556,0.571,-,-,0,0,2.22,0.15,1000,10.698,0.318,0.761,0.117
instance_n=20_489,MIXED,0.9,peak in the middle,tricky,0.924,0.8,1.6,5,0.594,0.556,-,-,0,0,2.22,0.05,1000,10.061,0.304,0.762,0.142
instance_n=20_490,MIXED,0.9,peak in the middle,tricky,0.576,0.8,1.75,5,0.543,0.526,-,-,0,0,2.22,0.05,1000,9.713,0.265,0.703,0.098
instance_n=20_491,MIXED,0.9,bimodal,very tricky,0.994,0.8,1.6,5,0.571,0.588,-,-,0,0,2.22,0.15,1000,5.611,0.057,0.528,0.155
instance_n=20_492,MIXED,0.9,bimodal,less tricky,0.195,0.8,1.65,6,0.556,0.571,-,-,0.05,5,2.22,0.15,1000,4.781,0.029,0.581,0.158
instance_n=20_493,MIXED,0.9,bimodal,less tricky,0.118,0.805,1.9,6,0.5,0.5,-,-,0,0,2.22,0.05,1000,4.429,0.031,0.59,0.16
instance_n=20_494,MIXED,0.9,bimodal,tricky,0.62,0.8,1.3,5,0.69,0.69,-,-,0.05,5,2.22,0.15,1000,5.067,0.028,0.527,0.167
instance_n=20_495,MIXED,0.9,bimodal,less tricky,0.447,0.805,1.6,5,0.588,0.588,-,-,0,0,2.22,0.1,1000,5.169,0.046,0.554,0.159
instance_n=20_496,MIXED,0.9,bimodal,less tricky,0.281,0.811,1.45,5,0.625,0.606,0.1,2,0,0,2.22,0.15,1000,4.585,0.036,0.561,0.134
instance_n=20_497,MIXED,0.9,bimodal,extremely tricky,0.999,0.8,1.5,6,0.625,0.588,-,-,0,0,2.22,0.1,1000,5.642,0.045,0.565,0.169
instance_n=20_498,MIXED,0.9,bimodal,less tricky,0.126,0.853,1.25,6,0.714,0.69,0.2,2,0.05,6,2.22,0.15,1000,5.304,0.027,0.605,0.167
instance_n=20_499,MIXED,0.9,bimodal,tricky,0.942,0.8,1.5,5,0.625,0.588,-,-,0,0,2.22,0.1,1000,4.871,0.043,0.544,0.164
instance_n=20_500,MIXED,0.9,bimodal,less tricky,0.286,0.826,1.55,5,0.606,0.588,-,-,0,0,2.22,0.1,1000,6.236,0.052,0.563,0.181
instance_n=20_501,MIXED,0.9,bimodal,tricky,0.857,0.8,1.65,6,0.571,0.556,-,-,0.05,6,2.22,0.1,1000,4.204,0.024,0.559,0.163
instance_n=20_502,MIXED,0.9,bimodal,tricky,0.934,0.8,1.5,5,0.625,0.606,-,-,0,0,2.22,0.1,1000,3.872,0.021,0.502,0.14
instance_n=20_503,MIXED,0.9,bimodal,less tricky,0.308,0.8,1.4,5,0.667,0.645,-,-,0,0,2.22,0.1,1000,5.296,0.022,0.55,0.145
instance_n=20_504,MIXED,0.9,bimodal,tricky,0.641,0.8,1.4,4,0.679,0.645,-,-,0,0,2.22,0.05,1000,5.349,0.051,0.515,0.157
instance_n=20_505,MIXED,0.9,bimodal,less tricky,0.003,0.805,1.35,4,0.69,0.667,0.1,2,0,0,2.22,0.1,1000,5.291,0.101,0.529,0.113
instance_n=20_506,MIXED,0.9,bimodal,less tricky,0.062,0.816,1.55,6,0.588,0.588,-,-,0,0,2.22,0.15,1000,4.071,0.022,0.557,0.144
instance_n=20_507,MIXED,0.9,bimodal,less tricky,0.035,0.853,1.5,5,0.606,0.625,-,-,0.05,5,2.22,0.15,1000,4.33,0.036,0.497,0.145
instance_n=20_508,MIXED,0.9,bimodal,less tricky,0.05,0.8,1.5,6,0.606,0.606,0.2,2,0,0,2.22,0.15,1000,4.197,0.034,0.542,0.125
instance_n=20_509,MIXED,0.9,bimodal,tricky,0.83,0.821,1.4,5,0.645,0.645,-,-,0,0,2.22,0.15,1000,3.835,0.023,0.587,0.171
instance_n=20_510,MIXED,0.9,bimodal,less tricky,0.326,0.816,1.25,5,0.741,0.667,0.1,2,0.05,4,2.22,0.1,1000,4.369,0.036,0.52,0.146
instance_n=20_511,MIXED,0.9,bimodal,less tricky,0.278,0.847,1.5,5,0.606,0.606,-,-,0.05,5,2.22,0.15,1000,4.281,0.046,0.483,0.135
instance_n=20_512,MIXED,0.9,bimodal,tricky,0.78,0.805,1.25,6,0.741,0.667,0.3,2,0.05,6,2.22,0.1,1000,4.75,0.045,0.52,0.14
instance_n=20_513,MIXED,0.9,bimodal,tricky,0.809,0.8,1.6,6,0.571,0.556,-,-,0.05,4,2.22,0.15,1000,4.727,0.042,0.529,0.144
instance_n=20_514,MIXED,0.9,bimodal,less tricky,0.057,0.811,1.4,5,0.667,0.667,0.2,2,0,0,2.22,0.1,1000,3.946,0.021,0.516,0.163
instance_n=20_515,MIXED,0.9,bimodal,less tricky,0.188,0.8,1.65,6,0.556,0.541,-,-,0,0,2.22,0.15,1000,4.98,0.031,0.587,0.184
instance_n=20_516,BN,0.2,peak at the bottom,less tricky,0.011,0.274,0.85,9,0.87,0.741,0.25,2.5,0.05,9,4,0.3,1000,2.715,0.03,0.268,0.072
instance_n=20_517,BN,0.2,peak at the bottom,tricky,0.647,0.295,1,8,0.87,0.741,0.45,2.25,0.05,8,4,0.15,1000,2.943,0.025,0.366,0.085
instance_n=20_518,BN,0.2,peak at the bottom,less tricky,0.137,0.289,0.85,8,0.87,0.8,0.45,2.25,0.05,8,4,0.3,1000,2.815,0.03,0.251,0.07
instance_n=20_519,BN,0.2,peak at the bottom,tricky,0.776,0.3,0.9,8,0.87,0.741,0.2,2,0.05,8,4,0.25,1000,2.929,0.042,0.297,0.069
instance_n=20_520,BN,0.2,peak at the bottom,less tricky,0.001,0.3,0.85,8,0.87,0.833,0.55,2.75,0.05,8,4,0.3,1000,2.72,0.03,0.265,0.064
instance_n=20_521,BN,0.2,peak at the bottom,less tricky,0.004,0.263,0.8,8,0.87,0.833,0.55,2.2,0.05,8,4,0.35,1000,2.688,0.029,0.305,0.087
instance_n=20_522,BN,0.2,peak at the bottom,tricky,0.563,0.3,0.95,8,0.87,0.69,0.1,2,0.05,8,4,0.2,1000,2.919,0.034,0.266,0.07
instance_n=20_523,BN,0.2,peak at the bottom,less tricky,0.072,0.279,0.8,9,0.87,0.769,0.2,2,0.05,9,4,0.35,1000,2.804,0.021,0.267,0.08
instance_n=20_524,BN,0.2,peak at the bottom,less tricky,0.081,0.263,0.85,8,0.87,0.8,0.35,2.33,0.05,8,4,0.3,1000,2.898,0.043,0.467,0.101
instance_n=20_525,BN,0.2,peak at the bottom,less tricky,0.01,0.3,0.9,8,0.87,0.741,0.3,3,0.05,8,4,0.25,1000,2.705,0.037,0.267,0.069